,REGION,SETTLEMENTDATE,TOTALDEMAND,RRP,PERIODTYPE
0,QLD1,2014/01/01 00:30:00,5515.63,52.45,TRADE
1,QLD1,2014/01/01 01:00:00,5376.3,50.2,TRADE
2,QLD1,2014/01/01 01:30:00,5214.38,46.66,TRADE
3,QLD1,2014/01/01 02:00:00,5149.08,42.85,TRADE
4,QLD1,2014/01/01 02:30:00,5051.84,38.49,TRADE
5,QLD1,2014/01/01 03:00:00,4998.26,43.27,TRADE
6,QLD1,2014/01/01 03:30:00,4954.62,40.4,TRADE
7,QLD1,2014/01/01 04:00:00,4930.19,40.2,TRADE
8,QLD1,2014/01/01 04:30:00,4933.35,42.18,TRADE
9,QLD1,2014/01/01 05:00:00,4924.31,42.04,TRADE
10,QLD1,2014/01/01 05:30:00,4876.17,41.61,TRADE
11,QLD1,2014/01/01 06:00:00,4863.19,41.49,TRADE
12,QLD1,2014/01/01 06:30:00,4930.26,41.51,TRADE
13,QLD1,2014/01/01 07:00:00,5003.89,40.04,TRADE
14,QLD1,2014/01/01 07:30:00,5171.49,43.22,TRADE
15,QLD1,2014/01/01 08:00:00,5251.87,45.41,TRADE
16,QLD1,2014/01/01 08:30:00,5319.53,48.34,TRADE
17,QLD1,2014/01/01 09:00:00,5437.67,49.33,TRADE
18,QLD1,2014/01/01 09:30:00,5474.16,49.16,TRADE
19,QLD1,2014/01/01 10:00:00,5514.12,49.16,TRADE
20,QLD1,2014/01/01 10:30:00,5535.89,46.15,TRADE
21,QLD1,2014/01/01 11:00:00,5571.47,49.02,TRADE
22,QLD1,2014/01/01 11:30:00,5605.24,49.34,TRADE
23,QLD1,2014/01/01 12:00:00,5667.79,49.42,TRADE
24,QLD1,2014/01/01 12:30:00,5704.61,49.4,TRADE
25,QLD1,2014/01/01 13:00:00,5766.22,49.57,TRADE
26,QLD1,2014/01/01 13:30:00,5831.48,50.26,TRADE
27,QLD1,2014/01/01 14:00:00,5889.61,50.76,TRADE
28,QLD1,2014/01/01 14:30:00,5973.96,51.73,TRADE
29,QLD1,2014/01/01 15:00:00,6026.49,52.4,TRADE
30,QLD1,2014/01/01 15:30:00,6121.2,52.95,TRADE
31,QLD1,2014/01/01 16:00:00,6177.79,53.15,TRADE
32,QLD1,2014/01/01 16:30:00,6294.69,53.15,TRADE
33,QLD1,2014/01/01 17:00:00,6446.81,54.15,TRADE
34,QLD1,2014/01/01 17:30:00,6477.66,53.4,TRADE
35,QLD1,2014/01/01 18:00:00,6495.08,54.27,TRADE
36,QLD1,2014/01/01 18:30:00,6405.75,52.87,TRADE
37,QLD1,2014/01/01 19:00:00,6389.23,52.85,TRADE
38,QLD1,2014/01/01 19:30:00,6472.05,53.16,TRADE
39,QLD1,2014/01/01 20:00:00,6447.09,53.06,TRADE
40,QLD1,2014/01/01 20:30:00,6324.34,52.7,TRADE
41,QLD1,2014/01/01 21:00:00,6238.0,52.69,TRADE
42,QLD1,2014/01/01 21:30:00,6263.67,52.8,TRADE
43,QLD1,2014/01/01 22:00:00,6154.7,52.03,TRADE
44,QLD1,2014/01/01 22:30:00,5971.61,51.53,TRADE
45,QLD1,2014/01/01 23:00:00,5826.66,52.13,TRADE
46,QLD1,2014/01/01 23:30:00,5687.62,52.33,TRADE
47,QLD1,2014/01/02 00:00:00,5478.36,50.67,TRADE
48,QLD1,2014/01/02 00:30:00,5304.76,49.01,TRADE
49,QLD1,2014/01/02 01:00:00,5138.8,45.57,TRADE
50,QLD1,2014/01/02 01:30:00,4993.74,41.77,TRADE
51,QLD1,2014/01/02 02:00:00,4917.98,41.13,TRADE
52,QLD1,2014/01/02 02:30:00,4872.42,40.79,TRADE
53,QLD1,2014/01/02 03:00:00,4842.86,40.35,TRADE
54,QLD1,2014/01/02 03:30:00,4812.56,40.22,TRADE
55,QLD1,2014/01/02 04:00:00,4790.16,39.82,TRADE
56,QLD1,2014/01/02 04:30:00,4830.82,40.26,TRADE
57,QLD1,2014/01/02 05:00:00,4861.27,40.54,TRADE
58,QLD1,2014/01/02 05:30:00,4904.78,46.37,TRADE
59,QLD1,2014/01/02 06:00:00,4929.04,47.45,TRADE
60,QLD1,2014/01/02 06:30:00,5087.17,48.84,TRADE
61,QLD1,2014/01/02 07:00:00,5300.37,48.52,TRADE
62,QLD1,2014/01/02 07:30:00,5503.82,48.74,TRADE
63,QLD1,2014/01/02 08:00:00,5621.45,49.08,TRADE
64,QLD1,2014/01/02 08:30:00,5882.41,49.21,TRADE
65,QLD1,2014/01/02 09:00:00,5979.75,49.19,TRADE
66,QLD1,2014/01/02 09:30:00,6089.97,49.68,TRADE
67,QLD1,2014/01/02 10:00:00,6099.16,49.6,TRADE
68,QLD1,2014/01/02 10:30:00,6074.79,49.39,TRADE
69,QLD1,2014/01/02 11:00:00,6192.34,49.25,TRADE
70,QLD1,2014/01/02 11:30:00,6294.01,49.2,TRADE
71,QLD1,2014/01/02 12:00:00,6389.7,50.27,TRADE
72,QLD1,2014/01/02 12:30:00,6472.67,51.34,TRADE
73,QLD1,2014/01/02 13:00:00,6643.79,53.0,TRADE
74,QLD1,2014/01/02 13:30:00,6753.95,55.59,TRADE
75,QLD1,2014/01/02 14:00:00,6909.72,57.37,TRADE
76,QLD1,2014/01/02 14:30:00,6905.79,59.0,TRADE
77,QLD1,2014/01/02 15:00:00,6912.46,63.65,TRADE
78,QLD1,2014/01/02 15:30:00,6952.67,67.7,TRADE
79,QLD1,2014/01/02 16:00:00,7027.51,71.85,TRADE
80,QLD1,2014/01/02 16:30:00,7090.9,79.39,TRADE
81,QLD1,2014/01/02 17:00:00,7190.28,63.96,TRADE
82,QLD1,2014/01/02 17:30:00,7238.52,59.29,TRADE
83,QLD1,2014/01/02 18:00:00,7277.89,57.66,TRADE
84,QLD1,2014/01/02 18:30:00,7210.32,56.89,TRADE
85,QLD1,2014/01/02 19:00:00,7195.44,56.64,TRADE
86,QLD1,2014/01/02 19:30:00,7293.59,56.89,TRADE
87,QLD1,2014/01/02 20:00:00,7239.42,57.35,TRADE
88,QLD1,2014/01/02 20:30:00,7086.07,56.0,TRADE
89,QLD1,2014/01/02 21:00:00,6973.97,55.56,TRADE
90,QLD1,2014/01/02 21:30:00,6892.03,54.83,TRADE
91,QLD1,2014/01/02 22:00:00,6675.03,51.78,TRADE
92,QLD1,2014/01/02 22:30:00,6421.3,52.79,TRADE
93,QLD1,2014/01/02 23:00:00,6244.09,52.91,TRADE
94,QLD1,2014/01/02 23:30:00,6081.24,50.81,TRADE
95,QLD1,2014/01/03 00:00:00,5861.31,49.9,TRADE
96,QLD1,2014/01/03 00:30:00,5654.93,52.48,TRADE
97,QLD1,2014/01/03 01:00:00,5532.82,51.31,TRADE
98,QLD1,2014/01/03 01:30:00,5323.79,49.32,TRADE
99,QLD1,2014/01/03 02:00:00,5232.03,48.27,TRADE
100,QLD1,2014/01/03 02:30:00,5171.68,47.49,TRADE
101,QLD1,2014/01/03 03:00:00,5124.46,46.91,TRADE
102,QLD1,2014/01/03 03:30:00,5085.02,46.27,TRADE
103,QLD1,2014/01/03 04:00:00,5066.14,46.07,TRADE
104,QLD1,2014/01/03 04:30:00,5087.96,47.27,TRADE
105,QLD1,2014/01/03 05:00:00,5098.82,48.01,TRADE
106,QLD1,2014/01/03 05:30:00,5152.6,49.16,TRADE
107,QLD1,2014/01/03 06:00:00,5178.69,48.81,TRADE
108,QLD1,2014/01/03 06:30:00,5417.04,49.16,TRADE
109,QLD1,2014/01/03 07:00:00,5657.58,48.43,TRADE
110,QLD1,2014/01/03 07:30:00,5959.57,48.64,TRADE
111,QLD1,2014/01/03 08:00:00,6166.97,47.5,TRADE
112,QLD1,2014/01/03 08:30:00,6380.01,46.9,TRADE
113,QLD1,2014/01/03 09:00:00,6536.03,52.2,TRADE
114,QLD1,2014/01/03 09:30:00,6738.38,56.03,TRADE
115,QLD1,2014/01/03 10:00:00,6860.43,55.16,TRADE
116,QLD1,2014/01/03 10:30:00,6896.18,55.0,TRADE
117,QLD1,2014/01/03 11:00:00,7034.27,56.18,TRADE
118,QLD1,2014/01/03 11:30:00,7153.81,56.55,TRADE
119,QLD1,2014/01/03 12:00:00,7282.45,64.05,TRADE
120,QLD1,2014/01/03 12:30:00,7405.06,84.18,TRADE
121,QLD1,2014/01/03 13:00:00,7530.25,161.3,TRADE
122,QLD1,2014/01/03 13:30:00,7640.43,120.58,TRADE
123,QLD1,2014/01/03 14:00:00,7746.59,138.15,TRADE
124,QLD1,2014/01/03 14:30:00,7834.02,174.11,TRADE
125,QLD1,2014/01/03 15:00:00,7952.97,82.55,TRADE
126,QLD1,2014/01/03 15:30:00,8056.54,170.32,TRADE
127,QLD1,2014/01/03 16:00:00,8139.66,162.62,TRADE
128,QLD1,2014/01/03 16:30:00,8239.69,177.62,TRADE
129,QLD1,2014/01/03 17:00:00,8237.9,183.57,TRADE
130,QLD1,2014/01/03 17:30:00,8221.84,273.9,TRADE
131,QLD1,2014/01/03 18:00:00,7987.26,131.38,TRADE
132,QLD1,2014/01/03 18:30:00,7774.02,111.53,TRADE
133,QLD1,2014/01/03 19:00:00,7695.73,98.52,TRADE
134,QLD1,2014/01/03 19:30:00,7722.43,106.82,TRADE
135,QLD1,2014/01/03 20:00:00,7650.55,117.48,TRADE
136,QLD1,2014/01/03 20:30:00,7494.81,59.89,TRADE
137,QLD1,2014/01/03 21:00:00,7371.06,59.99,TRADE
138,QLD1,2014/01/03 21:30:00,7322.29,72.0,TRADE
139,QLD1,2014/01/03 22:00:00,7031.46,56.83,TRADE
140,QLD1,2014/01/03 22:30:00,6801.88,59.38,TRADE
141,QLD1,2014/01/03 23:00:00,6563.61,71.0,TRADE
142,QLD1,2014/01/03 23:30:00,6365.94,71.31,TRADE
143,QLD1,2014/01/04 00:00:00,6119.74,56.36,TRADE
144,QLD1,2014/01/04 00:30:00,5988.3,56.34,TRADE
145,QLD1,2014/01/04 01:00:00,5822.85,54.74,TRADE
146,QLD1,2014/01/04 01:30:00,5597.58,51.55,TRADE
147,QLD1,2014/01/04 02:00:00,5465.31,49.11,TRADE
148,QLD1,2014/01/04 02:30:00,5427.01,49.08,TRADE
149,QLD1,2014/01/04 03:00:00,5362.84,49.09,TRADE
150,QLD1,2014/01/04 03:30:00,5296.59,48.58,TRADE
151,QLD1,2014/01/04 04:00:00,5299.06,48.71,TRADE
152,QLD1,2014/01/04 04:30:00,5282.33,47.68,TRADE
153,QLD1,2014/01/04 05:00:00,5264.23,47.26,TRADE
154,QLD1,2014/01/04 05:30:00,5286.38,49.15,TRADE
155,QLD1,2014/01/04 06:00:00,5293.49,48.55,TRADE
156,QLD1,2014/01/04 06:30:00,5468.36,49.64,TRADE
157,QLD1,2014/01/04 07:00:00,5648.13,50.78,TRADE
158,QLD1,2014/01/04 07:30:00,5917.0,51.39,TRADE
159,QLD1,2014/01/04 08:00:00,6100.75,52.67,TRADE
160,QLD1,2014/01/04 08:30:00,6317.49,55.73,TRADE
161,QLD1,2014/01/04 09:00:00,6569.18,56.63,TRADE
162,QLD1,2014/01/04 09:30:00,6859.84,56.94,TRADE
163,QLD1,2014/01/04 10:00:00,7011.76,83.6,TRADE
164,QLD1,2014/01/04 10:30:00,7206.74,57.53,TRADE
165,QLD1,2014/01/04 11:00:00,7355.87,73.29,TRADE
166,QLD1,2014/01/04 11:30:00,7446.12,141.61,TRADE
167,QLD1,2014/01/04 12:00:00,7551.3,77.73,TRADE
168,QLD1,2014/01/04 12:30:00,7631.31,58.56,TRADE
169,QLD1,2014/01/04 13:00:00,7776.72,199.56,TRADE
170,QLD1,2014/01/04 13:30:00,7889.6,201.36,TRADE
171,QLD1,2014/01/04 14:00:00,7912.81,77.86,TRADE
172,QLD1,2014/01/04 14:30:00,7954.25,94.86,TRADE
173,QLD1,2014/01/04 15:00:00,8033.87,91.88,TRADE
174,QLD1,2014/01/04 15:30:00,8086.34,149.78,TRADE
175,QLD1,2014/01/04 16:00:00,8204.97,4376.9,TRADE
176,QLD1,2014/01/04 16:30:00,8279.67,298.72,TRADE
177,QLD1,2014/01/04 17:00:00,8271.63,413.65,TRADE
178,QLD1,2014/01/04 17:30:00,8321.5,2040.92,TRADE
179,QLD1,2014/01/04 18:00:00,8231.51,156.29,TRADE
180,QLD1,2014/01/04 18:30:00,8021.52,112.99,TRADE
181,QLD1,2014/01/04 19:00:00,7965.9,124.58,TRADE
182,QLD1,2014/01/04 19:30:00,7947.55,65.21,TRADE
183,QLD1,2014/01/04 20:00:00,7831.17,60.04,TRADE
184,QLD1,2014/01/04 20:30:00,7708.35,74.95,TRADE
185,QLD1,2014/01/04 21:00:00,7532.18,59.01,TRADE
186,QLD1,2014/01/04 21:30:00,7406.13,56.95,TRADE
187,QLD1,2014/01/04 22:00:00,7150.94,54.18,TRADE
188,QLD1,2014/01/04 22:30:00,6852.12,54.75,TRADE
189,QLD1,2014/01/04 23:00:00,6631.91,56.8,TRADE
190,QLD1,2014/01/04 23:30:00,6410.09,55.58,TRADE
191,QLD1,2014/01/05 00:00:00,6156.36,54.67,TRADE
192,QLD1,2014/01/05 00:30:00,5948.97,52.91,TRADE
193,QLD1,2014/01/05 01:00:00,5734.03,52.31,TRADE
194,QLD1,2014/01/05 01:30:00,5535.26,50.13,TRADE
195,QLD1,2014/01/05 02:00:00,5393.43,50.18,TRADE
196,QLD1,2014/01/05 02:30:00,5361.09,49.03,TRADE
197,QLD1,2014/01/05 03:00:00,5326.86,51.81,TRADE
198,QLD1,2014/01/05 03:30:00,5273.39,49.84,TRADE
199,QLD1,2014/01/05 04:00:00,5247.46,49.88,TRADE
200,QLD1,2014/01/05 04:30:00,5208.05,49.95,TRADE
201,QLD1,2014/01/05 05:00:00,5217.58,50.1,TRADE
202,QLD1,2014/01/05 05:30:00,5199.74,49.53,TRADE
203,QLD1,2014/01/05 06:00:00,5199.63,45.32,TRADE
204,QLD1,2014/01/05 06:30:00,5290.82,49.27,TRADE
205,QLD1,2014/01/05 07:00:00,5390.17,51.06,TRADE
206,QLD1,2014/01/05 07:30:00,5554.45,49.42,TRADE
207,QLD1,2014/01/05 08:00:00,5644.03,50.39,TRADE
208,QLD1,2014/01/05 08:30:00,5778.86,52.16,TRADE
209,QLD1,2014/01/05 09:00:00,5978.69,54.1,TRADE
210,QLD1,2014/01/05 09:30:00,6140.99,53.72,TRADE
211,QLD1,2014/01/05 10:00:00,6236.93,53.64,TRADE
212,QLD1,2014/01/05 10:30:00,6309.08,53.32,TRADE
213,QLD1,2014/01/05 11:00:00,6353.59,52.74,TRADE
214,QLD1,2014/01/05 11:30:00,6420.05,52.73,TRADE
215,QLD1,2014/01/05 12:00:00,6527.45,52.88,TRADE
216,QLD1,2014/01/05 12:30:00,6647.84,54.51,TRADE
217,QLD1,2014/01/05 13:00:00,6749.39,54.87,TRADE
218,QLD1,2014/01/05 13:30:00,6850.21,55.55,TRADE
219,QLD1,2014/01/05 14:00:00,6909.12,56.93,TRADE
220,QLD1,2014/01/05 14:30:00,7035.7,101.78,TRADE
221,QLD1,2014/01/05 15:00:00,7068.91,58.66,TRADE
222,QLD1,2014/01/05 15:30:00,7195.55,136.72,TRADE
223,QLD1,2014/01/05 16:00:00,7254.34,67.83,TRADE
224,QLD1,2014/01/05 16:30:00,7300.34,59.06,TRADE
225,QLD1,2014/01/05 17:00:00,7396.9,59.19,TRADE
226,QLD1,2014/01/05 17:30:00,7469.47,60.22,TRADE
227,QLD1,2014/01/05 18:00:00,7503.44,60.31,TRADE
228,QLD1,2014/01/05 18:30:00,7465.75,62.23,TRADE
229,QLD1,2014/01/05 19:00:00,7443.21,70.98,TRADE
230,QLD1,2014/01/05 19:30:00,7455.14,60.32,TRADE
231,QLD1,2014/01/05 20:00:00,7324.92,59.01,TRADE
232,QLD1,2014/01/05 20:30:00,7233.2,57.11,TRADE
233,QLD1,2014/01/05 21:00:00,7112.95,56.3,TRADE
234,QLD1,2014/01/05 21:30:00,7056.87,54.98,TRADE
235,QLD1,2014/01/05 22:00:00,6808.35,53.6,TRADE
236,QLD1,2014/01/05 22:30:00,6468.98,54.08,TRADE
237,QLD1,2014/01/05 23:00:00,6268.33,54.96,TRADE
238,QLD1,2014/01/05 23:30:00,6144.77,55.26,TRADE
239,QLD1,2014/01/06 00:00:00,5891.23,53.76,TRADE
240,QLD1,2014/01/06 00:30:00,5779.5,52.78,TRADE
241,QLD1,2014/01/06 01:00:00,5687.96,50.87,TRADE
242,QLD1,2014/01/06 01:30:00,5474.51,48.16,TRADE
243,QLD1,2014/01/06 02:00:00,5401.26,44.49,TRADE
244,QLD1,2014/01/06 02:30:00,5371.45,43.05,TRADE
245,QLD1,2014/01/06 03:00:00,5356.9,44.67,TRADE
246,QLD1,2014/01/06 03:30:00,5294.69,47.7,TRADE
247,QLD1,2014/01/06 04:00:00,5277.59,48.22,TRADE
248,QLD1,2014/01/06 04:30:00,5331.32,46.11,TRADE
249,QLD1,2014/01/06 05:00:00,5386.99,49.39,TRADE
250,QLD1,2014/01/06 05:30:00,5513.09,51.21,TRADE
251,QLD1,2014/01/06 06:00:00,5668.09,51.42,TRADE
252,QLD1,2014/01/06 06:30:00,5947.4,54.14,TRADE
253,QLD1,2014/01/06 07:00:00,6251.85,56.54,TRADE
254,QLD1,2014/01/06 07:30:00,6613.04,56.05,TRADE
255,QLD1,2014/01/06 08:00:00,6850.1,57.12,TRADE
256,QLD1,2014/01/06 08:30:00,7075.83,104.98,TRADE
257,QLD1,2014/01/06 09:00:00,7268.01,59.8,TRADE
258,QLD1,2014/01/06 09:30:00,7303.1,2230.95,TRADE
259,QLD1,2014/01/06 10:00:00,7289.6,57.66,TRADE
260,QLD1,2014/01/06 10:30:00,7417.44,59.22,TRADE
261,QLD1,2014/01/06 11:00:00,7591.5,59.16,TRADE
262,QLD1,2014/01/06 11:30:00,7617.75,58.58,TRADE
263,QLD1,2014/01/06 12:00:00,7769.39,68.02,TRADE
264,QLD1,2014/01/06 12:30:00,7927.86,59.51,TRADE
265,QLD1,2014/01/06 13:00:00,8063.64,140.89,TRADE
266,QLD1,2014/01/06 13:30:00,8108.16,58.97,TRADE
267,QLD1,2014/01/06 14:00:00,8175.54,180.61,TRADE
268,QLD1,2014/01/06 14:30:00,8155.26,144.63,TRADE
269,QLD1,2014/01/06 15:00:00,8288.54,379.13,TRADE
270,QLD1,2014/01/06 15:30:00,8236.55,299.76,TRADE
271,QLD1,2014/01/06 16:00:00,8105.5,346.91,TRADE
272,QLD1,2014/01/06 16:30:00,7801.45,55.78,TRADE
273,QLD1,2014/01/06 17:00:00,7620.41,55.46,TRADE
274,QLD1,2014/01/06 17:30:00,7430.11,56.26,TRADE
275,QLD1,2014/01/06 18:00:00,7432.76,55.69,TRADE
276,QLD1,2014/01/06 18:30:00,7305.51,53.44,TRADE
277,QLD1,2014/01/06 19:00:00,7108.11,51.82,TRADE
278,QLD1,2014/01/06 19:30:00,7103.18,53.16,TRADE
279,QLD1,2014/01/06 20:00:00,7055.63,53.1,TRADE
280,QLD1,2014/01/06 20:30:00,6935.39,53.37,TRADE
281,QLD1,2014/01/06 21:00:00,6814.77,52.93,TRADE
282,QLD1,2014/01/06 21:30:00,6765.77,52.62,TRADE
283,QLD1,2014/01/06 22:00:00,6540.44,49.75,TRADE
284,QLD1,2014/01/06 22:30:00,6258.82,54.93,TRADE
285,QLD1,2014/01/06 23:00:00,6067.39,52.95,TRADE
286,QLD1,2014/01/06 23:30:00,5948.75,52.63,TRADE
287,QLD1,2014/01/07 00:00:00,5768.43,51.5,TRADE
288,QLD1,2014/01/07 00:30:00,5636.47,51.68,TRADE
289,QLD1,2014/01/07 01:00:00,5461.43,50.22,TRADE
290,QLD1,2014/01/07 01:30:00,5274.0,47.21,TRADE
291,QLD1,2014/01/07 02:00:00,5160.27,41.81,TRADE
292,QLD1,2014/01/07 02:30:00,5115.62,42.06,TRADE
293,QLD1,2014/01/07 03:00:00,5082.45,40.42,TRADE
294,QLD1,2014/01/07 03:30:00,5097.23,41.01,TRADE
295,QLD1,2014/01/07 04:00:00,5055.42,40.92,TRADE
296,QLD1,2014/01/07 04:30:00,5029.24,42.4,TRADE
297,QLD1,2014/01/07 05:00:00,5051.1,44.71,TRADE
298,QLD1,2014/01/07 05:30:00,5158.13,48.24,TRADE
299,QLD1,2014/01/07 06:00:00,5243.18,48.08,TRADE
300,QLD1,2014/01/07 06:30:00,5503.59,49.57,TRADE
301,QLD1,2014/01/07 07:00:00,5756.04,51.37,TRADE
302,QLD1,2014/01/07 07:30:00,6070.06,50.97,TRADE
303,QLD1,2014/01/07 08:00:00,6244.35,51.18,TRADE
304,QLD1,2014/01/07 08:30:00,6435.49,52.25,TRADE
305,QLD1,2014/01/07 09:00:00,6505.86,52.66,TRADE
306,QLD1,2014/01/07 09:30:00,6555.8,52.07,TRADE
307,QLD1,2014/01/07 10:00:00,6509.88,51.14,TRADE
308,QLD1,2014/01/07 10:30:00,6524.37,51.13,TRADE
309,QLD1,2014/01/07 11:00:00,6520.31,50.56,TRADE
310,QLD1,2014/01/07 11:30:00,6538.89,50.28,TRADE
311,QLD1,2014/01/07 12:00:00,6624.52,51.53,TRADE
312,QLD1,2014/01/07 12:30:00,6606.47,51.57,TRADE
313,QLD1,2014/01/07 13:00:00,6669.0,52.05,TRADE
314,QLD1,2014/01/07 13:30:00,6736.46,52.9,TRADE
315,QLD1,2014/01/07 14:00:00,6798.03,52.86,TRADE
316,QLD1,2014/01/07 14:30:00,6857.34,52.9,TRADE
317,QLD1,2014/01/07 15:00:00,6903.01,52.9,TRADE
318,QLD1,2014/01/07 15:30:00,6970.71,53.24,TRADE
319,QLD1,2014/01/07 16:00:00,6945.58,53.18,TRADE
320,QLD1,2014/01/07 16:30:00,7000.12,53.64,TRADE
321,QLD1,2014/01/07 17:00:00,7044.1,53.32,TRADE
322,QLD1,2014/01/07 17:30:00,7025.86,53.63,TRADE
323,QLD1,2014/01/07 18:00:00,6960.52,53.21,TRADE
324,QLD1,2014/01/07 18:30:00,6803.07,51.87,TRADE
325,QLD1,2014/01/07 19:00:00,6773.89,51.71,TRADE
326,QLD1,2014/01/07 19:30:00,6816.14,52.82,TRADE
327,QLD1,2014/01/07 20:00:00,6763.82,52.74,TRADE
328,QLD1,2014/01/07 20:30:00,6664.03,50.5,TRADE
329,QLD1,2014/01/07 21:00:00,6488.05,47.94,TRADE
330,QLD1,2014/01/07 21:30:00,6442.68,49.76,TRADE
331,QLD1,2014/01/07 22:00:00,6284.68,48.81,TRADE
332,QLD1,2014/01/07 22:30:00,6032.47,49.98,TRADE
333,QLD1,2014/01/07 23:00:00,5879.87,51.25,TRADE
334,QLD1,2014/01/07 23:30:00,5770.73,50.67,TRADE
335,QLD1,2014/01/08 00:00:00,5542.77,47.85,TRADE
336,QLD1,2014/01/08 00:30:00,5358.75,46.15,TRADE
337,QLD1,2014/01/08 01:00:00,5182.02,46.68,TRADE
338,QLD1,2014/01/08 01:30:00,5004.33,42.5,TRADE
339,QLD1,2014/01/08 02:00:00,4915.97,41.39,TRADE
340,QLD1,2014/01/08 02:30:00,4825.15,40.49,TRADE
341,QLD1,2014/01/08 03:00:00,4777.7,40.52,TRADE
342,QLD1,2014/01/08 03:30:00,4798.79,40.81,TRADE
343,QLD1,2014/01/08 04:00:00,4790.78,40.75,TRADE
344,QLD1,2014/01/08 04:30:00,4828.69,41.08,TRADE
345,QLD1,2014/01/08 05:00:00,4920.13,45.46,TRADE
346,QLD1,2014/01/08 05:30:00,4949.48,47.79,TRADE
347,QLD1,2014/01/08 06:00:00,5135.87,50.03,TRADE
348,QLD1,2014/01/08 06:30:00,5414.91,49.68,TRADE
349,QLD1,2014/01/08 07:00:00,5655.78,49.71,TRADE
350,QLD1,2014/01/08 07:30:00,5903.32,49.98,TRADE
351,QLD1,2014/01/08 08:00:00,6072.47,50.15,TRADE
352,QLD1,2014/01/08 08:30:00,6192.33,51.44,TRADE
353,QLD1,2014/01/08 09:00:00,6277.75,52.31,TRADE
354,QLD1,2014/01/08 09:30:00,6312.72,51.73,TRADE
355,QLD1,2014/01/08 10:00:00,6347.92,51.5,TRADE
356,QLD1,2014/01/08 10:30:00,6372.84,51.77,TRADE
357,QLD1,2014/01/08 11:00:00,6377.7,51.91,TRADE
358,QLD1,2014/01/08 11:30:00,6369.41,51.7,TRADE
359,QLD1,2014/01/08 12:00:00,6417.03,52.04,TRADE
360,QLD1,2014/01/08 12:30:00,6437.38,52.19,TRADE
361,QLD1,2014/01/08 13:00:00,6482.9,52.53,TRADE
362,QLD1,2014/01/08 13:30:00,6505.07,53.04,TRADE
363,QLD1,2014/01/08 14:00:00,6559.69,53.14,TRADE
364,QLD1,2014/01/08 14:30:00,6596.54,53.54,TRADE
365,QLD1,2014/01/08 15:00:00,6624.51,53.68,TRADE
366,QLD1,2014/01/08 15:30:00,6674.13,54.14,TRADE
367,QLD1,2014/01/08 16:00:00,6732.51,53.86,TRADE
368,QLD1,2014/01/08 16:30:00,6710.21,53.24,TRADE
369,QLD1,2014/01/08 17:00:00,6733.51,53.42,TRADE
370,QLD1,2014/01/08 17:30:00,6736.32,52.79,TRADE
371,QLD1,2014/01/08 18:00:00,6677.05,52.95,TRADE
372,QLD1,2014/01/08 18:30:00,6581.63,52.18,TRADE
373,QLD1,2014/01/08 19:00:00,6557.61,51.59,TRADE
374,QLD1,2014/01/08 19:30:00,6579.63,51.7,TRADE
375,QLD1,2014/01/08 20:00:00,6523.95,51.11,TRADE
376,QLD1,2014/01/08 20:30:00,6399.75,49.95,TRADE
377,QLD1,2014/01/08 21:00:00,6309.43,49.42,TRADE
378,QLD1,2014/01/08 21:30:00,6313.54,49.33,TRADE
379,QLD1,2014/01/08 22:00:00,6152.62,47.98,TRADE
380,QLD1,2014/01/08 22:30:00,5882.16,49.2,TRADE
381,QLD1,2014/01/08 23:00:00,5781.43,50.19,TRADE
382,QLD1,2014/01/08 23:30:00,5656.43,50.5,TRADE
383,QLD1,2014/01/09 00:00:00,5484.05,50.28,TRADE
384,QLD1,2014/01/09 00:30:00,5281.42,49.35,TRADE
385,QLD1,2014/01/09 01:00:00,5152.42,47.9,TRADE
386,QLD1,2014/01/09 01:30:00,4938.84,45.35,TRADE
387,QLD1,2014/01/09 02:00:00,4844.55,40.6,TRADE
388,QLD1,2014/01/09 02:30:00,4819.14,40.19,TRADE
389,QLD1,2014/01/09 03:00:00,4768.22,39.8,TRADE
390,QLD1,2014/01/09 03:30:00,4768.67,39.85,TRADE
391,QLD1,2014/01/09 04:00:00,4749.59,39.69,TRADE
392,QLD1,2014/01/09 04:30:00,4804.24,41.13,TRADE
393,QLD1,2014/01/09 05:00:00,4843.46,45.35,TRADE
394,QLD1,2014/01/09 05:30:00,4957.24,48.5,TRADE
395,QLD1,2014/01/09 06:00:00,5099.36,49.51,TRADE
396,QLD1,2014/01/09 06:30:00,5365.97,49.93,TRADE
397,QLD1,2014/01/09 07:00:00,5626.39,52.61,TRADE
398,QLD1,2014/01/09 07:30:00,5881.12,52.11,TRADE
399,QLD1,2014/01/09 08:00:00,6073.7,52.61,TRADE
400,QLD1,2014/01/09 08:30:00,6172.5,53.26,TRADE
401,QLD1,2014/01/09 09:00:00,6240.05,54.75,TRADE
402,QLD1,2014/01/09 09:30:00,6312.24,56.24,TRADE
403,QLD1,2014/01/09 10:00:00,6294.22,56.14,TRADE
404,QLD1,2014/01/09 10:30:00,6305.52,55.42,TRADE
405,QLD1,2014/01/09 11:00:00,6306.69,56.09,TRADE
406,QLD1,2014/01/09 11:30:00,6224.86,54.18,TRADE
407,QLD1,2014/01/09 12:00:00,6194.75,53.31,TRADE
408,QLD1,2014/01/09 12:30:00,6168.1,52.9,TRADE
409,QLD1,2014/01/09 13:00:00,6192.35,55.2,TRADE
410,QLD1,2014/01/09 13:30:00,6225.21,54.33,TRADE
411,QLD1,2014/01/09 14:00:00,6321.43,54.18,TRADE
412,QLD1,2014/01/09 14:30:00,6265.68,52.92,TRADE
413,QLD1,2014/01/09 15:00:00,6294.15,54.05,TRADE
414,QLD1,2014/01/09 15:30:00,6359.52,54.41,TRADE
415,QLD1,2014/01/09 16:00:00,6425.78,53.97,TRADE
416,QLD1,2014/01/09 16:30:00,6459.23,54.73,TRADE
417,QLD1,2014/01/09 17:00:00,6561.24,55.33,TRADE
418,QLD1,2014/01/09 17:30:00,6555.52,52.9,TRADE
419,QLD1,2014/01/09 18:00:00,6563.2,53.54,TRADE
420,QLD1,2014/01/09 18:30:00,6502.74,52.78,TRADE
421,QLD1,2014/01/09 19:00:00,6509.4,52.7,TRADE
422,QLD1,2014/01/09 19:30:00,6639.52,52.9,TRADE
423,QLD1,2014/01/09 20:00:00,6539.25,52.63,TRADE
424,QLD1,2014/01/09 20:30:00,6436.39,51.85,TRADE
425,QLD1,2014/01/09 21:00:00,6344.8,50.61,TRADE
426,QLD1,2014/01/09 21:30:00,6286.9,50.19,TRADE
427,QLD1,2014/01/09 22:00:00,6077.73,48.19,TRADE
428,QLD1,2014/01/09 22:30:00,5834.64,49.28,TRADE
429,QLD1,2014/01/09 23:00:00,5694.0,50.18,TRADE
430,QLD1,2014/01/09 23:30:00,5655.87,50.41,TRADE
431,QLD1,2014/01/10 00:00:00,5445.86,49.37,TRADE
432,QLD1,2014/01/10 00:30:00,5322.05,49.28,TRADE
433,QLD1,2014/01/10 01:00:00,5148.65,48.41,TRADE
434,QLD1,2014/01/10 01:30:00,4946.98,45.0,TRADE
435,QLD1,2014/01/10 02:00:00,4835.93,41.56,TRADE
436,QLD1,2014/01/10 02:30:00,4811.17,40.82,TRADE
437,QLD1,2014/01/10 03:00:00,4775.05,39.21,TRADE
438,QLD1,2014/01/10 03:30:00,4752.7,38.77,TRADE
439,QLD1,2014/01/10 04:00:00,4772.64,39.28,TRADE
440,QLD1,2014/01/10 04:30:00,4765.45,39.25,TRADE
441,QLD1,2014/01/10 05:00:00,4872.53,43.59,TRADE
442,QLD1,2014/01/10 05:30:00,4942.37,47.25,TRADE
443,QLD1,2014/01/10 06:00:00,5104.23,48.79,TRADE
444,QLD1,2014/01/10 06:30:00,5358.15,49.22,TRADE
445,QLD1,2014/01/10 07:00:00,5589.76,50.84,TRADE
446,QLD1,2014/01/10 07:30:00,5920.33,52.6,TRADE
447,QLD1,2014/01/10 08:00:00,6055.03,54.7,TRADE
448,QLD1,2014/01/10 08:30:00,6201.05,55.16,TRADE
449,QLD1,2014/01/10 09:00:00,6275.77,54.68,TRADE
450,QLD1,2014/01/10 09:30:00,6341.46,54.44,TRADE
451,QLD1,2014/01/10 10:00:00,6434.82,53.41,TRADE
452,QLD1,2014/01/10 10:30:00,6442.56,52.9,TRADE
453,QLD1,2014/01/10 11:00:00,6367.2,52.9,TRADE
454,QLD1,2014/01/10 11:30:00,6384.26,52.9,TRADE
455,QLD1,2014/01/10 12:00:00,6418.67,52.86,TRADE
456,QLD1,2014/01/10 12:30:00,6420.98,52.86,TRADE
457,QLD1,2014/01/10 13:00:00,6389.38,52.86,TRADE
458,QLD1,2014/01/10 13:30:00,6363.95,52.78,TRADE
459,QLD1,2014/01/10 14:00:00,6368.13,52.9,TRADE
460,QLD1,2014/01/10 14:30:00,6365.73,52.86,TRADE
461,QLD1,2014/01/10 15:00:00,6356.54,52.9,TRADE
462,QLD1,2014/01/10 15:30:00,6375.9,52.9,TRADE
463,QLD1,2014/01/10 16:00:00,6388.82,52.9,TRADE
464,QLD1,2014/01/10 16:30:00,6407.01,52.9,TRADE
465,QLD1,2014/01/10 17:00:00,6486.06,52.97,TRADE
466,QLD1,2014/01/10 17:30:00,6516.42,52.9,TRADE
467,QLD1,2014/01/10 18:00:00,6427.56,52.86,TRADE
468,QLD1,2014/01/10 18:30:00,6245.27,51.06,TRADE
469,QLD1,2014/01/10 19:00:00,6278.21,51.9,TRADE
470,QLD1,2014/01/10 19:30:00,6386.97,52.66,TRADE
471,QLD1,2014/01/10 20:00:00,6315.8,51.59,TRADE
472,QLD1,2014/01/10 20:30:00,6216.1,50.7,TRADE
473,QLD1,2014/01/10 21:00:00,6123.1,49.4,TRADE
474,QLD1,2014/01/10 21:30:00,6150.67,49.19,TRADE
475,QLD1,2014/01/10 22:00:00,5987.63,49.06,TRADE
476,QLD1,2014/01/10 22:30:00,5808.93,57.9,TRADE
477,QLD1,2014/01/10 23:00:00,5713.35,49.81,TRADE
478,QLD1,2014/01/10 23:30:00,5636.89,50.46,TRADE
479,QLD1,2014/01/11 00:00:00,5460.67,49.51,TRADE
480,QLD1,2014/01/11 00:30:00,5281.32,48.76,TRADE
481,QLD1,2014/01/11 01:00:00,5124.13,47.32,TRADE
482,QLD1,2014/01/11 01:30:00,4927.6,44.71,TRADE
483,QLD1,2014/01/11 02:00:00,4786.82,40.23,TRADE
484,QLD1,2014/01/11 02:30:00,4724.09,43.35,TRADE
485,QLD1,2014/01/11 03:00:00,4644.68,40.73,TRADE
486,QLD1,2014/01/11 03:30:00,4608.1,38.77,TRADE
487,QLD1,2014/01/11 04:00:00,4622.68,41.88,TRADE
488,QLD1,2014/01/11 04:30:00,4667.74,39.31,TRADE
489,QLD1,2014/01/11 05:00:00,4752.42,42.7,TRADE
490,QLD1,2014/01/11 05:30:00,4711.88,42.32,TRADE
491,QLD1,2014/01/11 06:00:00,4748.09,43.16,TRADE
492,QLD1,2014/01/11 06:30:00,4842.38,40.05,TRADE
493,QLD1,2014/01/11 07:00:00,4944.04,43.94,TRADE
494,QLD1,2014/01/11 07:30:00,5131.21,45.56,TRADE
495,QLD1,2014/01/11 08:00:00,5224.46,46.23,TRADE
496,QLD1,2014/01/11 08:30:00,5412.83,46.75,TRADE
497,QLD1,2014/01/11 09:00:00,5566.51,46.38,TRADE
498,QLD1,2014/01/11 09:30:00,5603.06,47.17,TRADE
499,QLD1,2014/01/11 10:00:00,5647.79,47.0,TRADE
500,QLD1,2014/01/11 10:30:00,5625.21,46.61,TRADE
501,QLD1,2014/01/11 11:00:00,5661.26,46.82,TRADE
502,QLD1,2014/01/11 11:30:00,5670.55,46.77,TRADE
503,QLD1,2014/01/11 12:00:00,5703.21,47.44,TRADE
504,QLD1,2014/01/11 12:30:00,5700.81,47.91,TRADE
505,QLD1,2014/01/11 13:00:00,5685.95,47.63,TRADE
506,QLD1,2014/01/11 13:30:00,5691.09,49.1,TRADE
507,QLD1,2014/01/11 14:00:00,5670.79,48.59,TRADE
508,QLD1,2014/01/11 14:30:00,5715.1,49.15,TRADE
509,QLD1,2014/01/11 15:00:00,5779.28,49.91,TRADE
510,QLD1,2014/01/11 15:30:00,5830.88,49.27,TRADE
511,QLD1,2014/01/11 16:00:00,5868.36,49.19,TRADE
512,QLD1,2014/01/11 16:30:00,5988.97,50.18,TRADE
513,QLD1,2014/01/11 17:00:00,6162.27,52.41,TRADE
514,QLD1,2014/01/11 17:30:00,6177.95,50.12,TRADE
515,QLD1,2014/01/11 18:00:00,6196.51,50.03,TRADE
516,QLD1,2014/01/11 18:30:00,6131.26,49.16,TRADE
517,QLD1,2014/01/11 19:00:00,6137.04,49.0,TRADE
518,QLD1,2014/01/11 19:30:00,6204.04,49.17,TRADE
519,QLD1,2014/01/11 20:00:00,6174.31,49.1,TRADE
520,QLD1,2014/01/11 20:30:00,6099.97,49.15,TRADE
521,QLD1,2014/01/11 21:00:00,6047.57,49.18,TRADE
522,QLD1,2014/01/11 21:30:00,6075.49,49.28,TRADE
523,QLD1,2014/01/11 22:00:00,5940.98,48.88,TRADE
524,QLD1,2014/01/11 22:30:00,5788.35,49.22,TRADE
525,QLD1,2014/01/11 23:00:00,5725.08,49.55,TRADE
526,QLD1,2014/01/11 23:30:00,5638.4,50.2,TRADE
527,QLD1,2014/01/12 00:00:00,5449.43,48.84,TRADE
528,QLD1,2014/01/12 00:30:00,5215.62,48.83,TRADE
529,QLD1,2014/01/12 01:00:00,5084.47,47.55,TRADE
530,QLD1,2014/01/12 01:30:00,4886.01,41.16,TRADE
531,QLD1,2014/01/12 02:00:00,4809.56,39.14,TRADE
532,QLD1,2014/01/12 02:30:00,4749.64,43.43,TRADE
533,QLD1,2014/01/12 03:00:00,4699.75,39.76,TRADE
534,QLD1,2014/01/12 03:30:00,4656.34,40.15,TRADE
535,QLD1,2014/01/12 04:00:00,4634.27,38.64,TRADE
536,QLD1,2014/01/12 04:30:00,4628.3,38.88,TRADE
537,QLD1,2014/01/12 05:00:00,4659.99,40.04,TRADE
538,QLD1,2014/01/12 05:30:00,4633.69,39.63,TRADE
539,QLD1,2014/01/12 06:00:00,4653.83,42.25,TRADE
540,QLD1,2014/01/12 06:30:00,4674.43,37.88,TRADE
541,QLD1,2014/01/12 07:00:00,4772.98,45.07,TRADE
542,QLD1,2014/01/12 07:30:00,4881.18,45.2,TRADE
543,QLD1,2014/01/12 08:00:00,4961.69,45.33,TRADE
544,QLD1,2014/01/12 08:30:00,5049.55,45.92,TRADE
545,QLD1,2014/01/12 09:00:00,5308.22,48.54,TRADE
546,QLD1,2014/01/12 09:30:00,5404.84,48.66,TRADE
547,QLD1,2014/01/12 10:00:00,5448.82,48.69,TRADE
548,QLD1,2014/01/12 10:30:00,5447.06,47.54,TRADE
549,QLD1,2014/01/12 11:00:00,5460.2,47.42,TRADE
550,QLD1,2014/01/12 11:30:00,5445.16,47.3,TRADE
551,QLD1,2014/01/12 12:00:00,5541.37,47.98,TRADE
552,QLD1,2014/01/12 12:30:00,5588.76,46.87,TRADE
553,QLD1,2014/01/12 13:00:00,5632.0,46.56,TRADE
554,QLD1,2014/01/12 13:30:00,5650.53,48.61,TRADE
555,QLD1,2014/01/12 14:00:00,5747.21,49.22,TRADE
556,QLD1,2014/01/12 14:30:00,5807.2,49.44,TRADE
557,QLD1,2014/01/12 15:00:00,5889.1,49.62,TRADE
558,QLD1,2014/01/12 15:30:00,5923.89,50.07,TRADE
559,QLD1,2014/01/12 16:00:00,5991.53,51.09,TRADE
560,QLD1,2014/01/12 16:30:00,6051.15,51.42,TRADE
561,QLD1,2014/01/12 17:00:00,6176.92,52.9,TRADE
562,QLD1,2014/01/12 17:30:00,6278.52,53.03,TRADE
563,QLD1,2014/01/12 18:00:00,6337.27,53.47,TRADE
564,QLD1,2014/01/12 18:30:00,6311.52,52.89,TRADE
565,QLD1,2014/01/12 19:00:00,6296.67,52.65,TRADE
566,QLD1,2014/01/12 19:30:00,6388.18,52.71,TRADE
567,QLD1,2014/01/12 20:00:00,6301.35,51.64,TRADE
568,QLD1,2014/01/12 20:30:00,6249.49,51.52,TRADE
569,QLD1,2014/01/12 21:00:00,6175.31,50.59,TRADE
570,QLD1,2014/01/12 21:30:00,6162.2,51.78,TRADE
571,QLD1,2014/01/12 22:00:00,6018.44,49.7,TRADE
572,QLD1,2014/01/12 22:30:00,5809.28,50.05,TRADE
573,QLD1,2014/01/12 23:00:00,5682.91,52.21,TRADE
574,QLD1,2014/01/12 23:30:00,5603.78,51.9,TRADE
575,QLD1,2014/01/13 00:00:00,5369.44,50.11,TRADE
576,QLD1,2014/01/13 00:30:00,5188.3,49.18,TRADE
577,QLD1,2014/01/13 01:00:00,5057.13,48.65,TRADE
578,QLD1,2014/01/13 01:30:00,4869.3,43.04,TRADE
579,QLD1,2014/01/13 02:00:00,4785.08,39.81,TRADE
580,QLD1,2014/01/13 02:30:00,4763.77,41.95,TRADE
581,QLD1,2014/01/13 03:00:00,4737.78,41.59,TRADE
582,QLD1,2014/01/13 03:30:00,4718.93,41.86,TRADE
583,QLD1,2014/01/13 04:00:00,4706.47,42.23,TRADE
584,QLD1,2014/01/13 04:30:00,4745.76,40.5,TRADE
585,QLD1,2014/01/13 05:00:00,4862.14,47.2,TRADE
586,QLD1,2014/01/13 05:30:00,4923.12,48.11,TRADE
587,QLD1,2014/01/13 06:00:00,5085.74,49.21,TRADE
588,QLD1,2014/01/13 06:30:00,5390.76,49.03,TRADE
589,QLD1,2014/01/13 07:00:00,5648.82,51.9,TRADE
590,QLD1,2014/01/13 07:30:00,5964.35,52.42,TRADE
591,QLD1,2014/01/13 08:00:00,6229.75,54.22,TRADE
592,QLD1,2014/01/13 08:30:00,6374.95,54.15,TRADE
593,QLD1,2014/01/13 09:00:00,6495.36,55.45,TRADE
594,QLD1,2014/01/13 09:30:00,6461.57,56.02,TRADE
595,QLD1,2014/01/13 10:00:00,6427.55,55.8,TRADE
596,QLD1,2014/01/13 10:30:00,6447.65,54.28,TRADE
597,QLD1,2014/01/13 11:00:00,6484.47,54.96,TRADE
598,QLD1,2014/01/13 11:30:00,6491.07,55.03,TRADE
599,QLD1,2014/01/13 12:00:00,6520.98,56.97,TRADE
600,QLD1,2014/01/13 12:30:00,6555.46,57.28,TRADE
601,QLD1,2014/01/13 13:00:00,6575.73,56.37,TRADE
602,QLD1,2014/01/13 13:30:00,6603.85,56.3,TRADE
603,QLD1,2014/01/13 14:00:00,6670.09,56.8,TRADE
604,QLD1,2014/01/13 14:30:00,6692.32,56.64,TRADE
605,QLD1,2014/01/13 15:00:00,6764.76,56.25,TRADE
606,QLD1,2014/01/13 15:30:00,6730.75,57.79,TRADE
607,QLD1,2014/01/13 16:00:00,6822.5,75.96,TRADE
608,QLD1,2014/01/13 16:30:00,6825.6,72.34,TRADE
609,QLD1,2014/01/13 17:00:00,6891.86,59.48,TRADE
610,QLD1,2014/01/13 17:30:00,6915.73,56.89,TRADE
611,QLD1,2014/01/13 18:00:00,6897.4,59.12,TRADE
612,QLD1,2014/01/13 18:30:00,6701.66,53.66,TRADE
613,QLD1,2014/01/13 19:00:00,6702.22,52.9,TRADE
614,QLD1,2014/01/13 19:30:00,6809.25,54.4,TRADE
615,QLD1,2014/01/13 20:00:00,6725.55,54.65,TRADE
616,QLD1,2014/01/13 20:30:00,6598.7,53.1,TRADE
617,QLD1,2014/01/13 21:00:00,6471.91,52.38,TRADE
618,QLD1,2014/01/13 21:30:00,6443.48,52.14,TRADE
619,QLD1,2014/01/13 22:00:00,6271.23,50.37,TRADE
620,QLD1,2014/01/13 22:30:00,6021.86,52.85,TRADE
621,QLD1,2014/01/13 23:00:00,5819.89,52.62,TRADE
622,QLD1,2014/01/13 23:30:00,5721.83,52.36,TRADE
623,QLD1,2014/01/14 00:00:00,5573.88,50.71,TRADE
624,QLD1,2014/01/14 00:30:00,5426.2,49.15,TRADE
625,QLD1,2014/01/14 01:00:00,5248.8,48.32,TRADE
626,QLD1,2014/01/14 01:30:00,5059.76,44.05,TRADE
627,QLD1,2014/01/14 02:00:00,4945.48,42.66,TRADE
628,QLD1,2014/01/14 02:30:00,4896.95,43.39,TRADE
629,QLD1,2014/01/14 03:00:00,4838.39,40.79,TRADE
630,QLD1,2014/01/14 03:30:00,4835.69,40.29,TRADE
631,QLD1,2014/01/14 04:00:00,4831.22,42.66,TRADE
632,QLD1,2014/01/14 04:30:00,4895.13,45.16,TRADE
633,QLD1,2014/01/14 05:00:00,4938.05,46.2,TRADE
634,QLD1,2014/01/14 05:30:00,5054.56,48.6,TRADE
635,QLD1,2014/01/14 06:00:00,5170.55,49.41,TRADE
636,QLD1,2014/01/14 06:30:00,5489.65,52.91,TRADE
637,QLD1,2014/01/14 07:00:00,5723.52,56.49,TRADE
638,QLD1,2014/01/14 07:30:00,6019.64,56.92,TRADE
639,QLD1,2014/01/14 08:00:00,6162.48,56.85,TRADE
640,QLD1,2014/01/14 08:30:00,6300.57,57.55,TRADE
641,QLD1,2014/01/14 09:00:00,6299.86,57.34,TRADE
642,QLD1,2014/01/14 09:30:00,6326.62,57.59,TRADE
643,QLD1,2014/01/14 10:00:00,6300.98,57.42,TRADE
644,QLD1,2014/01/14 10:30:00,6339.5,57.92,TRADE
645,QLD1,2014/01/14 11:00:00,6333.67,59.46,TRADE
646,QLD1,2014/01/14 11:30:00,6367.82,63.02,TRADE
647,QLD1,2014/01/14 12:00:00,6406.57,59.78,TRADE
648,QLD1,2014/01/14 12:30:00,6418.16,64.51,TRADE
649,QLD1,2014/01/14 13:00:00,6427.07,58.71,TRADE
650,QLD1,2014/01/14 13:30:00,6504.79,60.01,TRADE
651,QLD1,2014/01/14 14:00:00,6556.13,56.5,TRADE
652,QLD1,2014/01/14 14:30:00,6650.32,72.16,TRADE
653,QLD1,2014/01/14 15:00:00,6745.31,57.94,TRADE
654,QLD1,2014/01/14 15:30:00,6705.78,54.54,TRADE
655,QLD1,2014/01/14 16:00:00,6787.96,61.54,TRADE
656,QLD1,2014/01/14 16:30:00,6800.99,71.09,TRADE
657,QLD1,2014/01/14 17:00:00,6793.69,66.06,TRADE
658,QLD1,2014/01/14 17:30:00,6861.24,55.16,TRADE
659,QLD1,2014/01/14 18:00:00,6795.42,54.34,TRADE
660,QLD1,2014/01/14 18:30:00,6629.86,51.68,TRADE
661,QLD1,2014/01/14 19:00:00,6590.21,52.18,TRADE
662,QLD1,2014/01/14 19:30:00,6718.73,54.3,TRADE
663,QLD1,2014/01/14 20:00:00,6715.24,56.18,TRADE
664,QLD1,2014/01/14 20:30:00,6562.45,55.5,TRADE
665,QLD1,2014/01/14 21:00:00,6450.48,54.02,TRADE
666,QLD1,2014/01/14 21:30:00,6455.46,54.87,TRADE
667,QLD1,2014/01/14 22:00:00,6254.99,52.27,TRADE
668,QLD1,2014/01/14 22:30:00,6000.47,70.74,TRADE
669,QLD1,2014/01/14 23:00:00,5825.8,57.18,TRADE
670,QLD1,2014/01/14 23:30:00,5721.88,55.98,TRADE
671,QLD1,2014/01/15 00:00:00,5556.35,54.62,TRADE
672,QLD1,2014/01/15 00:30:00,5432.1,59.17,TRADE
673,QLD1,2014/01/15 01:00:00,5196.78,54.5,TRADE
674,QLD1,2014/01/15 01:30:00,5013.17,49.97,TRADE
675,QLD1,2014/01/15 02:00:00,4954.71,47.49,TRADE
676,QLD1,2014/01/15 02:30:00,4908.64,47.09,TRADE
677,QLD1,2014/01/15 03:00:00,4838.58,46.46,TRADE
678,QLD1,2014/01/15 03:30:00,4843.4,46.42,TRADE
679,QLD1,2014/01/15 04:00:00,4825.27,46.42,TRADE
680,QLD1,2014/01/15 04:30:00,4867.12,49.87,TRADE
681,QLD1,2014/01/15 05:00:00,4918.7,48.67,TRADE
682,QLD1,2014/01/15 05:30:00,5010.43,52.73,TRADE
683,QLD1,2014/01/15 06:00:00,5158.02,55.66,TRADE
684,QLD1,2014/01/15 06:30:00,5443.79,54.7,TRADE
685,QLD1,2014/01/15 07:00:00,5714.07,57.39,TRADE
686,QLD1,2014/01/15 07:30:00,6050.76,54.88,TRADE
687,QLD1,2014/01/15 08:00:00,6244.33,59.59,TRADE
688,QLD1,2014/01/15 08:30:00,6400.93,65.65,TRADE
689,QLD1,2014/01/15 09:00:00,6413.4,75.51,TRADE
690,QLD1,2014/01/15 09:30:00,6480.97,60.54,TRADE
691,QLD1,2014/01/15 10:00:00,6455.71,63.53,TRADE
692,QLD1,2014/01/15 10:30:00,6507.53,56.62,TRADE
693,QLD1,2014/01/15 11:00:00,6526.39,55.55,TRADE
694,QLD1,2014/01/15 11:30:00,6509.17,56.88,TRADE
695,QLD1,2014/01/15 12:00:00,6586.17,56.22,TRADE
696,QLD1,2014/01/15 12:30:00,6572.04,59.44,TRADE
697,QLD1,2014/01/15 13:00:00,6617.6,59.15,TRADE
698,QLD1,2014/01/15 13:30:00,6616.46,56.32,TRADE
699,QLD1,2014/01/15 14:00:00,6686.56,57.94,TRADE
700,QLD1,2014/01/15 14:30:00,6732.55,60.16,TRADE
701,QLD1,2014/01/15 15:00:00,6789.43,81.42,TRADE
702,QLD1,2014/01/15 15:30:00,6787.2,64.35,TRADE
703,QLD1,2014/01/15 16:00:00,6829.57,56.74,TRADE
704,QLD1,2014/01/15 16:30:00,6843.0,126.5,TRADE
705,QLD1,2014/01/15 17:00:00,6854.08,206.69,TRADE
706,QLD1,2014/01/15 17:30:00,6860.52,78.27,TRADE
707,QLD1,2014/01/15 18:00:00,6834.11,80.75,TRADE
708,QLD1,2014/01/15 18:30:00,6630.81,77.85,TRADE
709,QLD1,2014/01/15 19:00:00,6671.47,53.98,TRADE
710,QLD1,2014/01/15 19:30:00,6819.59,57.23,TRADE
711,QLD1,2014/01/15 20:00:00,6773.5,58.19,TRADE
712,QLD1,2014/01/15 20:30:00,6673.38,56.35,TRADE
713,QLD1,2014/01/15 21:00:00,6523.73,52.28,TRADE
714,QLD1,2014/01/15 21:30:00,6491.59,56.59,TRADE
715,QLD1,2014/01/15 22:00:00,6278.1,53.52,TRADE
716,QLD1,2014/01/15 22:30:00,6042.42,62.23,TRADE
717,QLD1,2014/01/15 23:00:00,5885.74,56.31,TRADE
718,QLD1,2014/01/15 23:30:00,5770.86,56.01,TRADE
719,QLD1,2014/01/16 00:00:00,5575.57,52.87,TRADE
720,QLD1,2014/01/16 00:30:00,5372.28,53.16,TRADE
721,QLD1,2014/01/16 01:00:00,5160.09,49.33,TRADE
722,QLD1,2014/01/16 01:30:00,5022.59,46.76,TRADE
723,QLD1,2014/01/16 02:00:00,4926.77,45.92,TRADE
724,QLD1,2014/01/16 02:30:00,4906.13,45.6,TRADE
725,QLD1,2014/01/16 03:00:00,4895.62,45.4,TRADE
726,QLD1,2014/01/16 03:30:00,4870.54,45.23,TRADE
727,QLD1,2014/01/16 04:00:00,4813.65,44.78,TRADE
728,QLD1,2014/01/16 04:30:00,4861.59,45.25,TRADE
729,QLD1,2014/01/16 05:00:00,4962.99,46.87,TRADE
730,QLD1,2014/01/16 05:30:00,5037.17,51.89,TRADE
731,QLD1,2014/01/16 06:00:00,5196.55,52.61,TRADE
732,QLD1,2014/01/16 06:30:00,5451.9,53.09,TRADE
733,QLD1,2014/01/16 07:00:00,5748.24,55.44,TRADE
734,QLD1,2014/01/16 07:30:00,6046.01,56.04,TRADE
735,QLD1,2014/01/16 08:00:00,6247.26,57.99,TRADE
736,QLD1,2014/01/16 08:30:00,6381.17,61.25,TRADE
737,QLD1,2014/01/16 09:00:00,6475.99,71.92,TRADE
738,QLD1,2014/01/16 09:30:00,6412.02,75.56,TRADE
739,QLD1,2014/01/16 10:00:00,6407.21,79.6,TRADE
740,QLD1,2014/01/16 10:30:00,6406.67,71.17,TRADE
741,QLD1,2014/01/16 11:00:00,6450.75,74.63,TRADE
742,QLD1,2014/01/16 11:30:00,6477.07,66.96,TRADE
743,QLD1,2014/01/16 12:00:00,6515.53,112.6,TRADE
744,QLD1,2014/01/16 12:30:00,6545.07,52.52,TRADE
745,QLD1,2014/01/16 13:00:00,6540.85,81.74,TRADE
746,QLD1,2014/01/16 13:30:00,6577.62,59.98,TRADE
747,QLD1,2014/01/16 14:00:00,6686.16,71.33,TRADE
748,QLD1,2014/01/16 14:30:00,6721.26,94.28,TRADE
749,QLD1,2014/01/16 15:00:00,6750.9,121.77,TRADE
750,QLD1,2014/01/16 15:30:00,6832.06,184.42,TRADE
751,QLD1,2014/01/16 16:00:00,6861.81,81.25,TRADE
752,QLD1,2014/01/16 16:30:00,6934.33,72.92,TRADE
753,QLD1,2014/01/16 17:00:00,7014.78,92.71,TRADE
754,QLD1,2014/01/16 17:30:00,6952.56,71.36,TRADE
755,QLD1,2014/01/16 18:00:00,6987.13,61.2,TRADE
756,QLD1,2014/01/16 18:30:00,6895.04,55.22,TRADE
757,QLD1,2014/01/16 19:00:00,6888.59,58.13,TRADE
758,QLD1,2014/01/16 19:30:00,6962.5,81.14,TRADE
759,QLD1,2014/01/16 20:00:00,6922.1,65.6,TRADE
760,QLD1,2014/01/16 20:30:00,6805.04,57.22,TRADE
761,QLD1,2014/01/16 21:00:00,6719.52,56.59,TRADE
762,QLD1,2014/01/16 21:30:00,6621.26,56.85,TRADE
763,QLD1,2014/01/16 22:00:00,6389.97,52.17,TRADE
764,QLD1,2014/01/16 22:30:00,6153.32,56.53,TRADE
765,QLD1,2014/01/16 23:00:00,5972.75,57.8,TRADE
766,QLD1,2014/01/16 23:30:00,5826.53,58.48,TRADE
767,QLD1,2014/01/17 00:00:00,5634.59,55.91,TRADE
768,QLD1,2014/01/17 00:30:00,5457.4,52.44,TRADE
769,QLD1,2014/01/17 01:00:00,5265.73,50.72,TRADE
770,QLD1,2014/01/17 01:30:00,5040.65,47.43,TRADE
771,QLD1,2014/01/17 02:00:00,5013.96,46.19,TRADE
772,QLD1,2014/01/17 02:30:00,4972.46,45.09,TRADE
773,QLD1,2014/01/17 03:00:00,4935.69,44.88,TRADE
774,QLD1,2014/01/17 03:30:00,4933.83,44.94,TRADE
775,QLD1,2014/01/17 04:00:00,4908.35,45.1,TRADE
776,QLD1,2014/01/17 04:30:00,4974.31,46.53,TRADE
777,QLD1,2014/01/17 05:00:00,4993.88,47.87,TRADE
778,QLD1,2014/01/17 05:30:00,5137.8,48.91,TRADE
779,QLD1,2014/01/17 06:00:00,5287.05,50.74,TRADE
780,QLD1,2014/01/17 06:30:00,5593.93,52.79,TRADE
781,QLD1,2014/01/17 07:00:00,5853.26,54.73,TRADE
782,QLD1,2014/01/17 07:30:00,6118.78,54.33,TRADE
783,QLD1,2014/01/17 08:00:00,6304.33,58.39,TRADE
784,QLD1,2014/01/17 08:30:00,6411.35,55.52,TRADE
785,QLD1,2014/01/17 09:00:00,6469.52,57.77,TRADE
786,QLD1,2014/01/17 09:30:00,6555.32,56.85,TRADE
787,QLD1,2014/01/17 10:00:00,6532.31,62.73,TRADE
788,QLD1,2014/01/17 10:30:00,6512.56,64.43,TRADE
789,QLD1,2014/01/17 11:00:00,6508.8,69.61,TRADE
790,QLD1,2014/01/17 11:30:00,6484.56,59.74,TRADE
791,QLD1,2014/01/17 12:00:00,6545.62,58.46,TRADE
792,QLD1,2014/01/17 12:30:00,6527.82,81.12,TRADE
793,QLD1,2014/01/17 13:00:00,6537.99,59.09,TRADE
794,QLD1,2014/01/17 13:30:00,6596.38,73.81,TRADE
795,QLD1,2014/01/17 14:00:00,6643.51,80.2,TRADE
796,QLD1,2014/01/17 14:30:00,6686.57,72.54,TRADE
797,QLD1,2014/01/17 15:00:00,6710.21,71.29,TRADE
798,QLD1,2014/01/17 15:30:00,6716.96,80.0,TRADE
799,QLD1,2014/01/17 16:00:00,6782.4,72.93,TRADE
800,QLD1,2014/01/17 16:30:00,6860.4,57.09,TRADE
801,QLD1,2014/01/17 17:00:00,6925.59,52.34,TRADE
802,QLD1,2014/01/17 17:30:00,6901.89,61.75,TRADE
803,QLD1,2014/01/17 18:00:00,6846.25,69.76,TRADE
804,QLD1,2014/01/17 18:30:00,6667.96,49.56,TRADE
805,QLD1,2014/01/17 19:00:00,6597.06,51.14,TRADE
806,QLD1,2014/01/17 19:30:00,6705.14,51.9,TRADE
807,QLD1,2014/01/17 20:00:00,6676.75,49.91,TRADE
808,QLD1,2014/01/17 20:30:00,6568.96,50.11,TRADE
809,QLD1,2014/01/17 21:00:00,6466.95,51.61,TRADE
810,QLD1,2014/01/17 21:30:00,6423.02,53.86,TRADE
811,QLD1,2014/01/17 22:00:00,6244.72,52.39,TRADE
812,QLD1,2014/01/17 22:30:00,6089.37,57.51,TRADE
813,QLD1,2014/01/17 23:00:00,5949.52,55.91,TRADE
814,QLD1,2014/01/17 23:30:00,5838.59,54.94,TRADE
815,QLD1,2014/01/18 00:00:00,5647.85,54.69,TRADE
816,QLD1,2014/01/18 00:30:00,5461.02,50.13,TRADE
817,QLD1,2014/01/18 01:00:00,5294.33,46.79,TRADE
818,QLD1,2014/01/18 01:30:00,5063.16,40.92,TRADE
819,QLD1,2014/01/18 02:00:00,4978.83,39.35,TRADE
820,QLD1,2014/01/18 02:30:00,4915.67,39.7,TRADE
821,QLD1,2014/01/18 03:00:00,4877.46,38.89,TRADE
822,QLD1,2014/01/18 03:30:00,4828.87,38.34,TRADE
823,QLD1,2014/01/18 04:00:00,4823.83,38.42,TRADE
824,QLD1,2014/01/18 04:30:00,4836.78,39.13,TRADE
825,QLD1,2014/01/18 05:00:00,4819.02,38.45,TRADE
826,QLD1,2014/01/18 05:30:00,4872.85,41.49,TRADE
827,QLD1,2014/01/18 06:00:00,4854.25,42.89,TRADE
828,QLD1,2014/01/18 06:30:00,4942.81,46.28,TRADE
829,QLD1,2014/01/18 07:00:00,5170.68,49.12,TRADE
830,QLD1,2014/01/18 07:30:00,5347.44,49.34,TRADE
831,QLD1,2014/01/18 08:00:00,5471.05,52.46,TRADE
832,QLD1,2014/01/18 08:30:00,5601.59,52.94,TRADE
833,QLD1,2014/01/18 09:00:00,5736.51,52.85,TRADE
834,QLD1,2014/01/18 09:30:00,5816.88,52.9,TRADE
835,QLD1,2014/01/18 10:00:00,5840.09,52.9,TRADE
836,QLD1,2014/01/18 10:30:00,5880.81,52.86,TRADE
837,QLD1,2014/01/18 11:00:00,5865.52,52.65,TRADE
838,QLD1,2014/01/18 11:30:00,5779.22,51.19,TRADE
839,QLD1,2014/01/18 12:00:00,5828.11,52.38,TRADE
840,QLD1,2014/01/18 12:30:00,5807.85,52.61,TRADE
841,QLD1,2014/01/18 13:00:00,5845.25,52.9,TRADE
842,QLD1,2014/01/18 13:30:00,5874.78,52.9,TRADE
843,QLD1,2014/01/18 14:00:00,5895.66,52.9,TRADE
844,QLD1,2014/01/18 14:30:00,6007.98,52.88,TRADE
845,QLD1,2014/01/18 15:00:00,6061.17,52.9,TRADE
846,QLD1,2014/01/18 15:30:00,6209.63,52.69,TRADE
847,QLD1,2014/01/18 16:00:00,6237.86,52.76,TRADE
848,QLD1,2014/01/18 16:30:00,6338.89,52.9,TRADE
849,QLD1,2014/01/18 17:00:00,6465.44,52.95,TRADE
850,QLD1,2014/01/18 17:30:00,6497.13,54.47,TRADE
851,QLD1,2014/01/18 18:00:00,6525.46,53.82,TRADE
852,QLD1,2014/01/18 18:30:00,6429.03,52.9,TRADE
853,QLD1,2014/01/18 19:00:00,6439.35,52.95,TRADE
854,QLD1,2014/01/18 19:30:00,6520.44,53.08,TRADE
855,QLD1,2014/01/18 20:00:00,6478.32,52.9,TRADE
856,QLD1,2014/01/18 20:30:00,6394.47,52.9,TRADE
857,QLD1,2014/01/18 21:00:00,6305.71,51.85,TRADE
858,QLD1,2014/01/18 21:30:00,6310.3,52.72,TRADE
859,QLD1,2014/01/18 22:00:00,6140.81,51.39,TRADE
860,QLD1,2014/01/18 22:30:00,5968.77,52.82,TRADE
861,QLD1,2014/01/18 23:00:00,5857.35,55.43,TRADE
862,QLD1,2014/01/18 23:30:00,5772.41,54.97,TRADE
863,QLD1,2014/01/19 00:00:00,5549.37,52.31,TRADE
864,QLD1,2014/01/19 00:30:00,5407.91,49.37,TRADE
865,QLD1,2014/01/19 01:00:00,5225.39,43.94,TRADE
866,QLD1,2014/01/19 01:30:00,5050.58,41.74,TRADE
867,QLD1,2014/01/19 02:00:00,4941.54,40.6,TRADE
868,QLD1,2014/01/19 02:30:00,4883.55,39.71,TRADE
869,QLD1,2014/01/19 03:00:00,4838.76,39.22,TRADE
870,QLD1,2014/01/19 03:30:00,4816.97,38.87,TRADE
871,QLD1,2014/01/19 04:00:00,4802.0,38.94,TRADE
872,QLD1,2014/01/19 04:30:00,4777.36,38.74,TRADE
873,QLD1,2014/01/19 05:00:00,4795.2,38.88,TRADE
874,QLD1,2014/01/19 05:30:00,4775.58,38.69,TRADE
875,QLD1,2014/01/19 06:00:00,4814.49,39.16,TRADE
876,QLD1,2014/01/19 06:30:00,4856.03,41.22,TRADE
877,QLD1,2014/01/19 07:00:00,4966.03,42.94,TRADE
878,QLD1,2014/01/19 07:30:00,5149.65,44.87,TRADE
879,QLD1,2014/01/19 08:00:00,5203.14,47.3,TRADE
880,QLD1,2014/01/19 08:30:00,5335.91,48.67,TRADE
881,QLD1,2014/01/19 09:00:00,5480.64,48.91,TRADE
882,QLD1,2014/01/19 09:30:00,5564.14,49.04,TRADE
883,QLD1,2014/01/19 10:00:00,5585.08,49.05,TRADE
884,QLD1,2014/01/19 10:30:00,5638.92,49.2,TRADE
885,QLD1,2014/01/19 11:00:00,5676.71,48.83,TRADE
886,QLD1,2014/01/19 11:30:00,5697.72,49.12,TRADE
887,QLD1,2014/01/19 12:00:00,5767.6,49.46,TRADE
888,QLD1,2014/01/19 12:30:00,5776.62,49.55,TRADE
889,QLD1,2014/01/19 13:00:00,5859.37,51.56,TRADE
890,QLD1,2014/01/19 13:30:00,5934.69,52.46,TRADE
891,QLD1,2014/01/19 14:00:00,6032.58,52.9,TRADE
892,QLD1,2014/01/19 14:30:00,6125.15,52.86,TRADE
893,QLD1,2014/01/19 15:00:00,6247.41,53.06,TRADE
894,QLD1,2014/01/19 15:30:00,6372.57,53.71,TRADE
895,QLD1,2014/01/19 16:00:00,6459.3,55.51,TRADE
896,QLD1,2014/01/19 16:30:00,6553.39,56.5,TRADE
897,QLD1,2014/01/19 17:00:00,6658.13,56.74,TRADE
898,QLD1,2014/01/19 17:30:00,6750.26,56.62,TRADE
899,QLD1,2014/01/19 18:00:00,6776.15,56.89,TRADE
900,QLD1,2014/01/19 18:30:00,6732.0,56.25,TRADE
901,QLD1,2014/01/19 19:00:00,6728.14,56.0,TRADE
902,QLD1,2014/01/19 19:30:00,6802.69,56.89,TRADE
903,QLD1,2014/01/19 20:00:00,6724.68,56.15,TRADE
904,QLD1,2014/01/19 20:30:00,6652.79,54.52,TRADE
905,QLD1,2014/01/19 21:00:00,6546.04,54.6,TRADE
906,QLD1,2014/01/19 21:30:00,6492.94,52.86,TRADE
907,QLD1,2014/01/19 22:00:00,6231.24,52.23,TRADE
908,QLD1,2014/01/19 22:30:00,6022.07,52.99,TRADE
909,QLD1,2014/01/19 23:00:00,5849.0,54.29,TRADE
910,QLD1,2014/01/19 23:30:00,5749.08,53.03,TRADE
911,QLD1,2014/01/20 00:00:00,5521.72,51.56,TRADE
912,QLD1,2014/01/20 00:30:00,5411.57,49.76,TRADE
913,QLD1,2014/01/20 01:00:00,5242.55,41.8,TRADE
914,QLD1,2014/01/20 01:30:00,5089.55,40.71,TRADE
915,QLD1,2014/01/20 02:00:00,4985.51,39.67,TRADE
916,QLD1,2014/01/20 02:30:00,4964.19,39.32,TRADE
917,QLD1,2014/01/20 03:00:00,4913.57,38.76,TRADE
918,QLD1,2014/01/20 03:30:00,4888.29,38.65,TRADE
919,QLD1,2014/01/20 04:00:00,4884.51,38.69,TRADE
920,QLD1,2014/01/20 04:30:00,4913.47,39.57,TRADE
921,QLD1,2014/01/20 05:00:00,4981.5,42.65,TRADE
922,QLD1,2014/01/20 05:30:00,5158.31,47.0,TRADE
923,QLD1,2014/01/20 06:00:00,5255.06,48.01,TRADE
924,QLD1,2014/01/20 06:30:00,5579.61,52.64,TRADE
925,QLD1,2014/01/20 07:00:00,5873.2,54.19,TRADE
926,QLD1,2014/01/20 07:30:00,6256.99,54.8,TRADE
927,QLD1,2014/01/20 08:00:00,6427.82,56.5,TRADE
928,QLD1,2014/01/20 08:30:00,6622.6,56.6,TRADE
929,QLD1,2014/01/20 09:00:00,6744.78,56.76,TRADE
930,QLD1,2014/01/20 09:30:00,6875.51,58.18,TRADE
931,QLD1,2014/01/20 10:00:00,6893.18,58.54,TRADE
932,QLD1,2014/01/20 10:30:00,6957.82,59.25,TRADE
933,QLD1,2014/01/20 11:00:00,7005.08,59.68,TRADE
934,QLD1,2014/01/20 11:30:00,7137.59,60.03,TRADE
935,QLD1,2014/01/20 12:00:00,7193.39,59.86,TRADE
936,QLD1,2014/01/20 12:30:00,7280.79,60.01,TRADE
937,QLD1,2014/01/20 13:00:00,7414.6,140.85,TRADE
938,QLD1,2014/01/20 13:30:00,7477.09,85.77,TRADE
939,QLD1,2014/01/20 14:00:00,7580.18,103.24,TRADE
940,QLD1,2014/01/20 14:30:00,7661.4,65.4,TRADE
941,QLD1,2014/01/20 15:00:00,7760.06,75.1,TRADE
942,QLD1,2014/01/20 15:30:00,7826.2,158.25,TRADE
943,QLD1,2014/01/20 16:00:00,7807.38,198.71,TRADE
944,QLD1,2014/01/20 16:30:00,7893.34,148.02,TRADE
945,QLD1,2014/01/20 17:00:00,7908.57,1902.8,TRADE
946,QLD1,2014/01/20 17:30:00,7826.51,69.03,TRADE
947,QLD1,2014/01/20 18:00:00,7790.09,60.01,TRADE
948,QLD1,2014/01/20 18:30:00,7597.58,57.41,TRADE
949,QLD1,2014/01/20 19:00:00,7610.23,62.25,TRADE
950,QLD1,2014/01/20 19:30:00,7632.4,60.88,TRADE
951,QLD1,2014/01/20 20:00:00,7511.58,59.49,TRADE
952,QLD1,2014/01/20 20:30:00,7414.91,58.93,TRADE
953,QLD1,2014/01/20 21:00:00,7250.47,57.84,TRADE
954,QLD1,2014/01/20 21:30:00,7166.2,56.7,TRADE
955,QLD1,2014/01/20 22:00:00,6857.3,53.77,TRADE
956,QLD1,2014/01/20 22:30:00,6523.4,55.1,TRADE
957,QLD1,2014/01/20 23:00:00,6319.49,56.99,TRADE
958,QLD1,2014/01/20 23:30:00,6123.41,55.5,TRADE
959,QLD1,2014/01/21 00:00:00,5927.6,53.0,TRADE
960,QLD1,2014/01/21 00:30:00,5733.61,52.6,TRADE
961,QLD1,2014/01/21 01:00:00,5530.59,52.28,TRADE
962,QLD1,2014/01/21 01:30:00,5364.41,45.63,TRADE
963,QLD1,2014/01/21 02:00:00,5269.79,43.43,TRADE
964,QLD1,2014/01/21 02:30:00,5205.34,43.17,TRADE
965,QLD1,2014/01/21 03:00:00,5182.37,42.51,TRADE
966,QLD1,2014/01/21 03:30:00,5132.08,43.66,TRADE
967,QLD1,2014/01/21 04:00:00,5074.14,45.06,TRADE
968,QLD1,2014/01/21 04:30:00,5100.21,44.04,TRADE
969,QLD1,2014/01/21 05:00:00,5154.51,48.03,TRADE
970,QLD1,2014/01/21 05:30:00,5247.78,49.88,TRADE
971,QLD1,2014/01/21 06:00:00,5395.55,50.57,TRADE
972,QLD1,2014/01/21 06:30:00,5744.55,51.29,TRADE
973,QLD1,2014/01/21 07:00:00,6034.39,53.19,TRADE
974,QLD1,2014/01/21 07:30:00,6405.58,53.19,TRADE
975,QLD1,2014/01/21 08:00:00,6607.65,54.65,TRADE
976,QLD1,2014/01/21 08:30:00,6821.63,54.57,TRADE
977,QLD1,2014/01/21 09:00:00,6974.5,1876.87,TRADE
978,QLD1,2014/01/21 09:30:00,6996.26,54.37,TRADE
979,QLD1,2014/01/21 10:00:00,7165.96,56.59,TRADE
980,QLD1,2014/01/21 10:30:00,7292.86,55.44,TRADE
981,QLD1,2014/01/21 11:00:00,7396.52,56.89,TRADE
982,QLD1,2014/01/21 11:30:00,7457.03,56.89,TRADE
983,QLD1,2014/01/21 12:00:00,7536.46,2086.77,TRADE
984,QLD1,2014/01/21 12:30:00,7552.83,56.91,TRADE
985,QLD1,2014/01/21 13:00:00,7733.18,110.58,TRADE
986,QLD1,2014/01/21 13:30:00,7833.25,57.22,TRADE
987,QLD1,2014/01/21 14:00:00,7920.94,63.48,TRADE
988,QLD1,2014/01/21 14:30:00,7997.28,101.55,TRADE
989,QLD1,2014/01/21 15:00:00,8036.05,61.95,TRADE
990,QLD1,2014/01/21 15:30:00,8125.97,1885.03,TRADE
991,QLD1,2014/01/21 16:00:00,8113.61,57.41,TRADE
992,QLD1,2014/01/21 16:30:00,8179.2,156.42,TRADE
993,QLD1,2014/01/21 17:00:00,8191.89,1879.21,TRADE
994,QLD1,2014/01/21 17:30:00,8140.23,61.12,TRADE
995,QLD1,2014/01/21 18:00:00,8020.58,53.32,TRADE
996,QLD1,2014/01/21 18:30:00,7919.7,52.9,TRADE
997,QLD1,2014/01/21 19:00:00,7792.83,53.28,TRADE
998,QLD1,2014/01/21 19:30:00,7901.21,56.6,TRADE
999,QLD1,2014/01/21 20:00:00,7747.92,56.89,TRADE
1000,QLD1,2014/01/21 20:30:00,7589.01,56.91,TRADE
1001,QLD1,2014/01/21 21:00:00,7438.5,55.36,TRADE
1002,QLD1,2014/01/21 21:30:00,7315.6,56.61,TRADE
1003,QLD1,2014/01/21 22:00:00,7021.09,54.25,TRADE
1004,QLD1,2014/01/21 22:30:00,6710.85,60.3,TRADE
1005,QLD1,2014/01/21 23:00:00,6473.4,54.06,TRADE
1006,QLD1,2014/01/21 23:30:00,6307.11,54.36,TRADE
1007,QLD1,2014/01/22 00:00:00,6050.74,52.15,TRADE
1008,QLD1,2014/01/22 00:30:00,5839.75,52.5,TRADE
1009,QLD1,2014/01/22 01:00:00,5656.59,51.24,TRADE
1010,QLD1,2014/01/22 01:30:00,5477.69,50.12,TRADE
1011,QLD1,2014/01/22 02:00:00,5357.28,44.21,TRADE
1012,QLD1,2014/01/22 02:30:00,5280.61,44.25,TRADE
1013,QLD1,2014/01/22 03:00:00,5240.26,44.9,TRADE
1014,QLD1,2014/01/22 03:30:00,5237.12,45.7,TRADE
1015,QLD1,2014/01/22 04:00:00,5227.1,45.54,TRADE
1016,QLD1,2014/01/22 04:30:00,5264.41,49.03,TRADE
1017,QLD1,2014/01/22 05:00:00,5289.08,49.73,TRADE
1018,QLD1,2014/01/22 05:30:00,5425.98,49.07,TRADE
1019,QLD1,2014/01/22 06:00:00,5576.6,50.64,TRADE
1020,QLD1,2014/01/22 06:30:00,5894.25,52.1,TRADE
1021,QLD1,2014/01/22 07:00:00,6278.4,55.67,TRADE
1022,QLD1,2014/01/22 07:30:00,6595.31,56.9,TRADE
1023,QLD1,2014/01/22 08:00:00,6810.43,56.94,TRADE
1024,QLD1,2014/01/22 08:30:00,6971.29,82.44,TRADE
1025,QLD1,2014/01/22 09:00:00,7047.5,56.95,TRADE
1026,QLD1,2014/01/22 09:30:00,7191.68,90.7,TRADE
1027,QLD1,2014/01/22 10:00:00,7273.63,87.04,TRADE
1028,QLD1,2014/01/22 10:30:00,7399.94,103.07,TRADE
1029,QLD1,2014/01/22 11:00:00,7513.39,59.76,TRADE
1030,QLD1,2014/01/22 11:30:00,7606.84,69.01,TRADE
1031,QLD1,2014/01/22 12:00:00,7805.73,56.89,TRADE
1032,QLD1,2014/01/22 12:30:00,7925.57,56.91,TRADE
1033,QLD1,2014/01/22 13:00:00,8018.27,110.54,TRADE
1034,QLD1,2014/01/22 13:30:00,8109.13,58.25,TRADE
1035,QLD1,2014/01/22 14:00:00,8215.08,58.2,TRADE
1036,QLD1,2014/01/22 14:30:00,8231.09,358.7,TRADE
1037,QLD1,2014/01/22 15:00:00,8316.22,54.99,TRADE
1038,QLD1,2014/01/22 15:30:00,8364.63,1930.48,TRADE
1039,QLD1,2014/01/22 16:00:00,8335.77,295.84,TRADE
1040,QLD1,2014/01/22 16:30:00,8244.86,53.97,TRADE
1041,QLD1,2014/01/22 17:00:00,8136.02,52.98,TRADE
1042,QLD1,2014/01/22 17:30:00,8030.91,52.64,TRADE
1043,QLD1,2014/01/22 18:00:00,7888.01,56.6,TRADE
1044,QLD1,2014/01/22 18:30:00,7729.04,54.23,TRADE
1045,QLD1,2014/01/22 19:00:00,7734.61,53.8,TRADE
1046,QLD1,2014/01/22 19:30:00,7704.31,54.46,TRADE
1047,QLD1,2014/01/22 20:00:00,7545.46,54.37,TRADE
1048,QLD1,2014/01/22 20:30:00,7357.41,53.43,TRADE
1049,QLD1,2014/01/22 21:00:00,7200.74,52.9,TRADE
1050,QLD1,2014/01/22 21:30:00,7117.51,52.96,TRADE
1051,QLD1,2014/01/22 22:00:00,6878.64,52.89,TRADE
1052,QLD1,2014/01/22 22:30:00,6588.99,53.87,TRADE
1053,QLD1,2014/01/22 23:00:00,6307.71,1869.49,TRADE
1054,QLD1,2014/01/22 23:30:00,6111.09,52.69,TRADE
1055,QLD1,2014/01/23 00:00:00,5960.65,50.74,TRADE
1056,QLD1,2014/01/23 00:30:00,5742.55,49.62,TRADE
1057,QLD1,2014/01/23 01:00:00,5630.48,44.99,TRADE
1058,QLD1,2014/01/23 01:30:00,5432.57,40.71,TRADE
1059,QLD1,2014/01/23 02:00:00,5314.68,39.74,TRADE
1060,QLD1,2014/01/23 02:30:00,5265.45,40.74,TRADE
1061,QLD1,2014/01/23 03:00:00,5206.38,41.54,TRADE
1062,QLD1,2014/01/23 03:30:00,5194.01,41.43,TRADE
1063,QLD1,2014/01/23 04:00:00,5187.09,41.66,TRADE
1064,QLD1,2014/01/23 04:30:00,5224.79,47.3,TRADE
1065,QLD1,2014/01/23 05:00:00,5252.9,47.1,TRADE
1066,QLD1,2014/01/23 05:30:00,5428.77,51.92,TRADE
1067,QLD1,2014/01/23 06:00:00,5552.05,51.72,TRADE
1068,QLD1,2014/01/23 06:30:00,5894.73,54.33,TRADE
1069,QLD1,2014/01/23 07:00:00,6248.77,56.29,TRADE
1070,QLD1,2014/01/23 07:30:00,6543.71,56.58,TRADE
1071,QLD1,2014/01/23 08:00:00,6717.99,61.6,TRADE
1072,QLD1,2014/01/23 08:30:00,6893.61,59.49,TRADE
1073,QLD1,2014/01/23 09:00:00,6914.52,71.2,TRADE
1074,QLD1,2014/01/23 09:30:00,6998.79,60.84,TRADE
1075,QLD1,2014/01/23 10:00:00,7034.28,69.04,TRADE
1076,QLD1,2014/01/23 10:30:00,7143.39,57.08,TRADE
1077,QLD1,2014/01/23 11:00:00,7225.39,58.9,TRADE
1078,QLD1,2014/01/23 11:30:00,7238.08,59.19,TRADE
1079,QLD1,2014/01/23 12:00:00,7271.29,94.81,TRADE
1080,QLD1,2014/01/23 12:30:00,7280.03,83.32,TRADE
1081,QLD1,2014/01/23 13:00:00,7340.27,1899.7,TRADE
1082,QLD1,2014/01/23 13:30:00,7359.34,56.53,TRADE
1083,QLD1,2014/01/23 14:00:00,7457.22,54.73,TRADE
1084,QLD1,2014/01/23 14:30:00,7462.19,52.96,TRADE
1085,QLD1,2014/01/23 15:00:00,7426.48,52.06,TRADE
1086,QLD1,2014/01/23 15:30:00,7325.11,52.68,TRADE
1087,QLD1,2014/01/23 16:00:00,7315.75,52.9,TRADE
1088,QLD1,2014/01/23 16:30:00,7239.97,52.66,TRADE
1089,QLD1,2014/01/23 17:00:00,7238.06,52.89,TRADE
1090,QLD1,2014/01/23 17:30:00,7166.64,52.28,TRADE
1091,QLD1,2014/01/23 18:00:00,7163.65,50.51,TRADE
1092,QLD1,2014/01/23 18:30:00,7042.47,51.07,TRADE
1093,QLD1,2014/01/23 19:00:00,7064.65,53.46,TRADE
1094,QLD1,2014/01/23 19:30:00,7041.4,55.29,TRADE
1095,QLD1,2014/01/23 20:00:00,6910.52,54.43,TRADE
1096,QLD1,2014/01/23 20:30:00,6769.81,53.12,TRADE
1097,QLD1,2014/01/23 21:00:00,6649.69,52.24,TRADE
1098,QLD1,2014/01/23 21:30:00,6563.89,52.14,TRADE
1099,QLD1,2014/01/23 22:00:00,6279.95,50.63,TRADE
1100,QLD1,2014/01/23 22:30:00,6078.42,52.61,TRADE
1101,QLD1,2014/01/23 23:00:00,5942.27,53.65,TRADE
1102,QLD1,2014/01/23 23:30:00,5798.91,54.87,TRADE
1103,QLD1,2014/01/24 00:00:00,5616.83,53.34,TRADE
1104,QLD1,2014/01/24 00:30:00,5462.31,51.21,TRADE
1105,QLD1,2014/01/24 01:00:00,5291.26,49.15,TRADE
1106,QLD1,2014/01/24 01:30:00,5074.95,42.42,TRADE
1107,QLD1,2014/01/24 02:00:00,4952.17,41.83,TRADE
1108,QLD1,2014/01/24 02:30:00,4924.66,40.03,TRADE
1109,QLD1,2014/01/24 03:00:00,4924.34,40.5,TRADE
1110,QLD1,2014/01/24 03:30:00,4903.95,43.49,TRADE
1111,QLD1,2014/01/24 04:00:00,4913.31,42.83,TRADE
1112,QLD1,2014/01/24 04:30:00,4946.66,44.03,TRADE
1113,QLD1,2014/01/24 05:00:00,5028.04,49.32,TRADE
1114,QLD1,2014/01/24 05:30:00,5158.27,53.22,TRADE
1115,QLD1,2014/01/24 06:00:00,5273.39,51.56,TRADE
1116,QLD1,2014/01/24 06:30:00,5608.79,51.99,TRADE
1117,QLD1,2014/01/24 07:00:00,5930.7,53.72,TRADE
1118,QLD1,2014/01/24 07:30:00,6222.39,53.12,TRADE
1119,QLD1,2014/01/24 08:00:00,6399.06,55.16,TRADE
1120,QLD1,2014/01/24 08:30:00,6590.14,64.42,TRADE
1121,QLD1,2014/01/24 09:00:00,6711.42,56.44,TRADE
1122,QLD1,2014/01/24 09:30:00,6763.47,57.12,TRADE
1123,QLD1,2014/01/24 10:00:00,6790.27,54.76,TRADE
1124,QLD1,2014/01/24 10:30:00,6826.71,52.86,TRADE
1125,QLD1,2014/01/24 11:00:00,6870.18,52.9,TRADE
1126,QLD1,2014/01/24 11:30:00,6814.3,53.35,TRADE
1127,QLD1,2014/01/24 12:00:00,6824.57,53.65,TRADE
1128,QLD1,2014/01/24 12:30:00,6788.74,53.07,TRADE
1129,QLD1,2014/01/24 13:00:00,6852.08,53.42,TRADE
1130,QLD1,2014/01/24 13:30:00,6895.44,56.63,TRADE
1131,QLD1,2014/01/24 14:00:00,6922.64,55.06,TRADE
1132,QLD1,2014/01/24 14:30:00,7006.34,56.7,TRADE
1133,QLD1,2014/01/24 15:00:00,7036.36,53.07,TRADE
1134,QLD1,2014/01/24 15:30:00,7036.4,55.27,TRADE
1135,QLD1,2014/01/24 16:00:00,7062.9,51.02,TRADE
1136,QLD1,2014/01/24 16:30:00,7084.58,54.67,TRADE
1137,QLD1,2014/01/24 17:00:00,7110.32,51.67,TRADE
1138,QLD1,2014/01/24 17:30:00,7085.27,52.92,TRADE
1139,QLD1,2014/01/24 18:00:00,6995.95,52.9,TRADE
1140,QLD1,2014/01/24 18:30:00,6806.93,52.9,TRADE
1141,QLD1,2014/01/24 19:00:00,6803.03,54.06,TRADE
1142,QLD1,2014/01/24 19:30:00,6924.83,55.44,TRADE
1143,QLD1,2014/01/24 20:00:00,6847.78,55.7,TRADE
1144,QLD1,2014/01/24 20:30:00,6798.57,53.68,TRADE
1145,QLD1,2014/01/24 21:00:00,6706.22,53.12,TRADE
1146,QLD1,2014/01/24 21:30:00,6603.24,53.21,TRADE
1147,QLD1,2014/01/24 22:00:00,6434.97,52.83,TRADE
1148,QLD1,2014/01/24 22:30:00,6229.66,52.64,TRADE
1149,QLD1,2014/01/24 23:00:00,6101.0,53.49,TRADE
1150,QLD1,2014/01/24 23:30:00,5967.61,53.32,TRADE
1151,QLD1,2014/01/25 00:00:00,5776.26,52.31,TRADE
1152,QLD1,2014/01/25 00:30:00,5616.94,51.55,TRADE
1153,QLD1,2014/01/25 01:00:00,5447.86,47.08,TRADE
1154,QLD1,2014/01/25 01:30:00,5212.75,40.84,TRADE
1155,QLD1,2014/01/25 02:00:00,5092.79,39.47,TRADE
1156,QLD1,2014/01/25 02:30:00,5053.03,40.82,TRADE
1157,QLD1,2014/01/25 03:00:00,5040.45,40.46,TRADE
1158,QLD1,2014/01/25 03:30:00,5030.24,40.23,TRADE
1159,QLD1,2014/01/25 04:00:00,5000.61,40.15,TRADE
1160,QLD1,2014/01/25 04:30:00,5017.45,36.88,TRADE
1161,QLD1,2014/01/25 05:00:00,5021.82,38.95,TRADE
1162,QLD1,2014/01/25 05:30:00,5053.5,39.38,TRADE
1163,QLD1,2014/01/25 06:00:00,5046.85,39.39,TRADE
1164,QLD1,2014/01/25 06:30:00,5180.6,42.21,TRADE
1165,QLD1,2014/01/25 07:00:00,5334.4,47.15,TRADE
1166,QLD1,2014/01/25 07:30:00,5590.42,47.36,TRADE
1167,QLD1,2014/01/25 08:00:00,5719.99,48.15,TRADE
1168,QLD1,2014/01/25 08:30:00,5905.09,50.23,TRADE
1169,QLD1,2014/01/25 09:00:00,6050.24,50.59,TRADE
1170,QLD1,2014/01/25 09:30:00,6151.31,50.92,TRADE
1171,QLD1,2014/01/25 10:00:00,6176.29,51.26,TRADE
1172,QLD1,2014/01/25 10:30:00,6208.38,50.74,TRADE
1173,QLD1,2014/01/25 11:00:00,6213.8,49.97,TRADE
1174,QLD1,2014/01/25 11:30:00,6149.42,49.49,TRADE
1175,QLD1,2014/01/25 12:00:00,6160.21,49.38,TRADE
1176,QLD1,2014/01/25 12:30:00,6093.83,49.25,TRADE
1177,QLD1,2014/01/25 13:00:00,6151.48,49.38,TRADE
1178,QLD1,2014/01/25 13:30:00,6147.64,49.4,TRADE
1179,QLD1,2014/01/25 14:00:00,6290.02,50.78,TRADE
1180,QLD1,2014/01/25 14:30:00,6319.2,50.83,TRADE
1181,QLD1,2014/01/25 15:00:00,6355.38,50.19,TRADE
1182,QLD1,2014/01/25 15:30:00,6386.79,50.2,TRADE
1183,QLD1,2014/01/25 16:00:00,6422.37,50.41,TRADE
1184,QLD1,2014/01/25 16:30:00,6452.24,49.83,TRADE
1185,QLD1,2014/01/25 17:00:00,6522.96,50.32,TRADE
1186,QLD1,2014/01/25 17:30:00,6553.88,50.36,TRADE
1187,QLD1,2014/01/25 18:00:00,6530.78,50.02,TRADE
1188,QLD1,2014/01/25 18:30:00,6464.58,49.45,TRADE
1189,QLD1,2014/01/25 19:00:00,6467.66,49.34,TRADE
1190,QLD1,2014/01/25 19:30:00,6525.06,49.84,TRADE
1191,QLD1,2014/01/25 20:00:00,6460.31,49.35,TRADE
1192,QLD1,2014/01/25 20:30:00,6338.15,48.77,TRADE
1193,QLD1,2014/01/25 21:00:00,6278.48,49.25,TRADE
1194,QLD1,2014/01/25 21:30:00,6316.22,49.5,TRADE
1195,QLD1,2014/01/25 22:00:00,6151.87,45.74,TRADE
1196,QLD1,2014/01/25 22:30:00,5974.87,47.62,TRADE
1197,QLD1,2014/01/25 23:00:00,5859.16,46.32,TRADE
1198,QLD1,2014/01/25 23:30:00,5764.78,48.59,TRADE
1199,QLD1,2014/01/26 00:00:00,5550.04,45.79,TRADE
1200,QLD1,2014/01/26 00:30:00,5445.87,43.48,TRADE
1201,QLD1,2014/01/26 01:00:00,5232.62,40.72,TRADE
1202,QLD1,2014/01/26 01:30:00,5082.46,39.06,TRADE
1203,QLD1,2014/01/26 02:00:00,4962.14,35.97,TRADE
1204,QLD1,2014/01/26 02:30:00,4886.04,37.61,TRADE
1205,QLD1,2014/01/26 03:00:00,4855.18,36.1,TRADE
1206,QLD1,2014/01/26 03:30:00,4848.33,32.49,TRADE
1207,QLD1,2014/01/26 04:00:00,4805.94,31.0,TRADE
1208,QLD1,2014/01/26 04:30:00,4797.73,38.19,TRADE
1209,QLD1,2014/01/26 05:00:00,4839.46,34.5,TRADE
1210,QLD1,2014/01/26 05:30:00,4808.54,32.79,TRADE
1211,QLD1,2014/01/26 06:00:00,4792.74,36.37,TRADE
1212,QLD1,2014/01/26 06:30:00,4828.89,36.03,TRADE
1213,QLD1,2014/01/26 07:00:00,4948.04,37.96,TRADE
1214,QLD1,2014/01/26 07:30:00,5096.0,39.32,TRADE
1215,QLD1,2014/01/26 08:00:00,5145.0,42.54,TRADE
1216,QLD1,2014/01/26 08:30:00,5313.31,45.68,TRADE
1217,QLD1,2014/01/26 09:00:00,5389.16,46.68,TRADE
1218,QLD1,2014/01/26 09:30:00,5452.37,47.35,TRADE
1219,QLD1,2014/01/26 10:00:00,5464.94,45.42,TRADE
1220,QLD1,2014/01/26 10:30:00,5495.28,46.23,TRADE
1221,QLD1,2014/01/26 11:00:00,5479.7,45.9,TRADE
1222,QLD1,2014/01/26 11:30:00,5428.46,43.79,TRADE
1223,QLD1,2014/01/26 12:00:00,5377.48,39.9,TRADE
1224,QLD1,2014/01/26 12:30:00,5334.37,41.66,TRADE
1225,QLD1,2014/01/26 13:00:00,5379.74,42.45,TRADE
1226,QLD1,2014/01/26 13:30:00,5379.35,43.73,TRADE
1227,QLD1,2014/01/26 14:00:00,5407.49,43.19,TRADE
1228,QLD1,2014/01/26 14:30:00,5416.82,42.75,TRADE
1229,QLD1,2014/01/26 15:00:00,5372.39,42.36,TRADE
1230,QLD1,2014/01/26 15:30:00,5404.19,42.34,TRADE
1231,QLD1,2014/01/26 16:00:00,5478.52,44.79,TRADE
1232,QLD1,2014/01/26 16:30:00,5532.35,44.77,TRADE
1233,QLD1,2014/01/26 17:00:00,5643.79,46.52,TRADE
1234,QLD1,2014/01/26 17:30:00,5763.11,46.29,TRADE
1235,QLD1,2014/01/26 18:00:00,5825.22,47.27,TRADE
1236,QLD1,2014/01/26 18:30:00,5813.97,45.82,TRADE
1237,QLD1,2014/01/26 19:00:00,5854.12,46.17,TRADE
1238,QLD1,2014/01/26 19:30:00,5908.88,46.94,TRADE
1239,QLD1,2014/01/26 20:00:00,5871.82,46.2,TRADE
1240,QLD1,2014/01/26 20:30:00,5808.95,44.79,TRADE
1241,QLD1,2014/01/26 21:00:00,5809.26,43.73,TRADE
1242,QLD1,2014/01/26 21:30:00,5791.03,45.78,TRADE
1243,QLD1,2014/01/26 22:00:00,5685.19,42.4,TRADE
1244,QLD1,2014/01/26 22:30:00,5542.09,41.58,TRADE
1245,QLD1,2014/01/26 23:00:00,5451.25,41.06,TRADE
1246,QLD1,2014/01/26 23:30:00,5385.07,42.76,TRADE
1247,QLD1,2014/01/27 00:00:00,5250.67,41.02,TRADE
1248,QLD1,2014/01/27 00:30:00,5060.5,40.72,TRADE
1249,QLD1,2014/01/27 01:00:00,4909.62,38.35,TRADE
1250,QLD1,2014/01/27 01:30:00,4709.37,35.53,TRADE
1251,QLD1,2014/01/27 02:00:00,4642.88,36.33,TRADE
1252,QLD1,2014/01/27 02:30:00,4609.95,37.42,TRADE
1253,QLD1,2014/01/27 03:00:00,4566.57,36.4,TRADE
1254,QLD1,2014/01/27 03:30:00,4535.33,34.73,TRADE
1255,QLD1,2014/01/27 04:00:00,4547.51,34.23,TRADE
1256,QLD1,2014/01/27 04:30:00,4573.59,32.94,TRADE
1257,QLD1,2014/01/27 05:00:00,4605.92,36.88,TRADE
1258,QLD1,2014/01/27 05:30:00,4655.94,37.92,TRADE
1259,QLD1,2014/01/27 06:00:00,4607.33,31.59,TRADE
1260,QLD1,2014/01/27 06:30:00,4732.44,36.65,TRADE
1261,QLD1,2014/01/27 07:00:00,4825.85,37.65,TRADE
1262,QLD1,2014/01/27 07:30:00,5001.68,37.86,TRADE
1263,QLD1,2014/01/27 08:00:00,5101.15,41.13,TRADE
1264,QLD1,2014/01/27 08:30:00,5267.54,44.03,TRADE
1265,QLD1,2014/01/27 09:00:00,5321.13,44.91,TRADE
1266,QLD1,2014/01/27 09:30:00,5372.36,46.18,TRADE
1267,QLD1,2014/01/27 10:00:00,5442.0,46.93,TRADE
1268,QLD1,2014/01/27 10:30:00,5504.63,47.27,TRADE
1269,QLD1,2014/01/27 11:00:00,5493.8,47.12,TRADE
1270,QLD1,2014/01/27 11:30:00,5445.1,46.56,TRADE
1271,QLD1,2014/01/27 12:00:00,5437.78,46.46,TRADE
1272,QLD1,2014/01/27 12:30:00,5466.63,47.37,TRADE
1273,QLD1,2014/01/27 13:00:00,5499.06,47.03,TRADE
1274,QLD1,2014/01/27 13:30:00,5535.53,47.6,TRADE
1275,QLD1,2014/01/27 14:00:00,5526.29,47.64,TRADE
1276,QLD1,2014/01/27 14:30:00,5611.06,47.08,TRADE
1277,QLD1,2014/01/27 15:00:00,5677.5,48.87,TRADE
1278,QLD1,2014/01/27 15:30:00,5735.86,48.4,TRADE
1279,QLD1,2014/01/27 16:00:00,5774.31,48.75,TRADE
1280,QLD1,2014/01/27 16:30:00,5800.53,49.02,TRADE
1281,QLD1,2014/01/27 17:00:00,5979.8,49.98,TRADE
1282,QLD1,2014/01/27 17:30:00,6108.53,50.28,TRADE
1283,QLD1,2014/01/27 18:00:00,6202.57,50.5,TRADE
1284,QLD1,2014/01/27 18:30:00,6134.72,49.26,TRADE
1285,QLD1,2014/01/27 19:00:00,6167.2,50.13,TRADE
1286,QLD1,2014/01/27 19:30:00,6190.18,49.64,TRADE
1287,QLD1,2014/01/27 20:00:00,6101.91,49.3,TRADE
1288,QLD1,2014/01/27 20:30:00,6043.41,48.82,TRADE
1289,QLD1,2014/01/27 21:00:00,5957.5,47.16,TRADE
1290,QLD1,2014/01/27 21:30:00,5974.95,46.89,TRADE
1291,QLD1,2014/01/27 22:00:00,5823.68,46.33,TRADE
1292,QLD1,2014/01/27 22:30:00,5623.22,46.24,TRADE
1293,QLD1,2014/01/27 23:00:00,5497.07,47.88,TRADE
1294,QLD1,2014/01/27 23:30:00,5459.21,47.07,TRADE
1295,QLD1,2014/01/28 00:00:00,5275.39,46.89,TRADE
1296,QLD1,2014/01/28 00:30:00,5128.04,43.24,TRADE
1297,QLD1,2014/01/28 01:00:00,4907.76,39.28,TRADE
1298,QLD1,2014/01/28 01:30:00,4747.69,36.66,TRADE
1299,QLD1,2014/01/28 02:00:00,4647.17,37.38,TRADE
1300,QLD1,2014/01/28 02:30:00,4627.62,38.9,TRADE
1301,QLD1,2014/01/28 03:00:00,4614.56,36.43,TRADE
1302,QLD1,2014/01/28 03:30:00,4587.52,37.26,TRADE
1303,QLD1,2014/01/28 04:00:00,4599.29,37.49,TRADE
1304,QLD1,2014/01/28 04:30:00,4637.67,37.22,TRADE
1305,QLD1,2014/01/28 05:00:00,4736.85,38.91,TRADE
1306,QLD1,2014/01/28 05:30:00,4878.98,44.4,TRADE
1307,QLD1,2014/01/28 06:00:00,5060.95,46.29,TRADE
1308,QLD1,2014/01/28 06:30:00,5436.94,49.4,TRADE
1309,QLD1,2014/01/28 07:00:00,5812.42,53.03,TRADE
1310,QLD1,2014/01/28 07:30:00,6100.9,54.51,TRADE
1311,QLD1,2014/01/28 08:00:00,6232.92,54.71,TRADE
1312,QLD1,2014/01/28 08:30:00,6264.13,53.34,TRADE
1313,QLD1,2014/01/28 09:00:00,6258.25,53.18,TRADE
1314,QLD1,2014/01/28 09:30:00,6305.93,53.54,TRADE
1315,QLD1,2014/01/28 10:00:00,6324.15,53.7,TRADE
1316,QLD1,2014/01/28 10:30:00,6277.12,52.9,TRADE
1317,QLD1,2014/01/28 11:00:00,6216.94,52.84,TRADE
1318,QLD1,2014/01/28 11:30:00,6201.75,52.9,TRADE
1319,QLD1,2014/01/28 12:00:00,6222.95,52.67,TRADE
1320,QLD1,2014/01/28 12:30:00,6194.17,52.55,TRADE
1321,QLD1,2014/01/28 13:00:00,6240.51,53.2,TRADE
1322,QLD1,2014/01/28 13:30:00,6222.9,51.1,TRADE
1323,QLD1,2014/01/28 14:00:00,6276.6,52.12,TRADE
1324,QLD1,2014/01/28 14:30:00,6366.68,54.9,TRADE
1325,QLD1,2014/01/28 15:00:00,6405.36,56.72,TRADE
1326,QLD1,2014/01/28 15:30:00,6367.21,54.54,TRADE
1327,QLD1,2014/01/28 16:00:00,6419.72,56.36,TRADE
1328,QLD1,2014/01/28 16:30:00,6485.96,57.29,TRADE
1329,QLD1,2014/01/28 17:00:00,6582.24,55.59,TRADE
1330,QLD1,2014/01/28 17:30:00,6571.04,53.25,TRADE
1331,QLD1,2014/01/28 18:00:00,6520.15,53.01,TRADE
1332,QLD1,2014/01/28 18:30:00,6426.7,52.74,TRADE
1333,QLD1,2014/01/28 19:00:00,6404.14,52.17,TRADE
1334,QLD1,2014/01/28 19:30:00,6459.66,52.6,TRADE
1335,QLD1,2014/01/28 20:00:00,6372.66,52.19,TRADE
1336,QLD1,2014/01/28 20:30:00,6314.89,51.66,TRADE
1337,QLD1,2014/01/28 21:00:00,6181.56,50.72,TRADE
1338,QLD1,2014/01/28 21:30:00,6223.1,50.28,TRADE
1339,QLD1,2014/01/28 22:00:00,5992.91,49.06,TRADE
1340,QLD1,2014/01/28 22:30:00,5746.46,49.3,TRADE
1341,QLD1,2014/01/28 23:00:00,5589.44,48.71,TRADE
1342,QLD1,2014/01/28 23:30:00,5507.64,48.16,TRADE
1343,QLD1,2014/01/29 00:00:00,5319.79,47.02,TRADE
1344,QLD1,2014/01/29 00:30:00,5117.06,40.8,TRADE
1345,QLD1,2014/01/29 01:00:00,4937.68,36.57,TRADE
1346,QLD1,2014/01/29 01:30:00,4738.59,36.48,TRADE
1347,QLD1,2014/01/29 02:00:00,4633.24,36.74,TRADE
1348,QLD1,2014/01/29 02:30:00,4643.12,37.69,TRADE
1349,QLD1,2014/01/29 03:00:00,4583.82,36.79,TRADE
1350,QLD1,2014/01/29 03:30:00,4554.73,36.47,TRADE
1351,QLD1,2014/01/29 04:00:00,4573.53,37.13,TRADE
1352,QLD1,2014/01/29 04:30:00,4612.66,37.46,TRADE
1353,QLD1,2014/01/29 05:00:00,4710.08,38.81,TRADE
1354,QLD1,2014/01/29 05:30:00,4866.44,42.51,TRADE
1355,QLD1,2014/01/29 06:00:00,4997.78,39.94,TRADE
1356,QLD1,2014/01/29 06:30:00,5352.18,43.08,TRADE
1357,QLD1,2014/01/29 07:00:00,5719.07,50.12,TRADE
1358,QLD1,2014/01/29 07:30:00,6022.97,49.91,TRADE
1359,QLD1,2014/01/29 08:00:00,6186.36,50.71,TRADE
1360,QLD1,2014/01/29 08:30:00,6186.16,50.48,TRADE
1361,QLD1,2014/01/29 09:00:00,6107.53,51.21,TRADE
1362,QLD1,2014/01/29 09:30:00,6179.54,51.98,TRADE
1363,QLD1,2014/01/29 10:00:00,6196.01,51.07,TRADE
1364,QLD1,2014/01/29 10:30:00,6128.48,51.14,TRADE
1365,QLD1,2014/01/29 11:00:00,6146.94,51.65,TRADE
1366,QLD1,2014/01/29 11:30:00,6127.0,52.51,TRADE
1367,QLD1,2014/01/29 12:00:00,6232.39,53.02,TRADE
1368,QLD1,2014/01/29 12:30:00,6205.77,53.35,TRADE
1369,QLD1,2014/01/29 13:00:00,6186.11,53.75,TRADE
1370,QLD1,2014/01/29 13:30:00,6240.64,54.21,TRADE
1371,QLD1,2014/01/29 14:00:00,6265.9,53.94,TRADE
1372,QLD1,2014/01/29 14:30:00,6323.19,54.93,TRADE
1373,QLD1,2014/01/29 15:00:00,6394.94,52.62,TRADE
1374,QLD1,2014/01/29 15:30:00,6378.58,53.08,TRADE
1375,QLD1,2014/01/29 16:00:00,6375.57,52.31,TRADE
1376,QLD1,2014/01/29 16:30:00,6489.59,53.24,TRADE
1377,QLD1,2014/01/29 17:00:00,6553.78,53.88,TRADE
1378,QLD1,2014/01/29 17:30:00,6575.12,52.61,TRADE
1379,QLD1,2014/01/29 18:00:00,6478.93,52.36,TRADE
1380,QLD1,2014/01/29 18:30:00,6410.74,49.96,TRADE
1381,QLD1,2014/01/29 19:00:00,6429.03,49.48,TRADE
1382,QLD1,2014/01/29 19:30:00,6458.08,50.65,TRADE
1383,QLD1,2014/01/29 20:00:00,6415.47,51.63,TRADE
1384,QLD1,2014/01/29 20:30:00,6324.18,50.37,TRADE
1385,QLD1,2014/01/29 21:00:00,6224.92,49.73,TRADE
1386,QLD1,2014/01/29 21:30:00,6213.71,49.38,TRADE
1387,QLD1,2014/01/29 22:00:00,5986.09,48.04,TRADE
1388,QLD1,2014/01/29 22:30:00,5729.63,46.63,TRADE
1389,QLD1,2014/01/29 23:00:00,5574.77,46.4,TRADE
1390,QLD1,2014/01/29 23:30:00,5497.72,46.2,TRADE
1391,QLD1,2014/01/30 00:00:00,5331.52,44.23,TRADE
1392,QLD1,2014/01/30 00:30:00,5099.54,38.56,TRADE
1393,QLD1,2014/01/30 01:00:00,4890.81,41.11,TRADE
1394,QLD1,2014/01/30 01:30:00,4757.07,38.98,TRADE
1395,QLD1,2014/01/30 02:00:00,4635.19,38.01,TRADE
1396,QLD1,2014/01/30 02:30:00,4601.6,38.73,TRADE
1397,QLD1,2014/01/30 03:00:00,4569.39,34.28,TRADE
1398,QLD1,2014/01/30 03:30:00,4546.63,36.64,TRADE
1399,QLD1,2014/01/30 04:00:00,4550.97,37.21,TRADE
1400,QLD1,2014/01/30 04:30:00,4604.25,37.59,TRADE
1401,QLD1,2014/01/30 05:00:00,4679.59,39.68,TRADE
1402,QLD1,2014/01/30 05:30:00,4868.89,45.9,TRADE
1403,QLD1,2014/01/30 06:00:00,5038.01,46.91,TRADE
1404,QLD1,2014/01/30 06:30:00,5385.53,47.54,TRADE
1405,QLD1,2014/01/30 07:00:00,5734.24,52.14,TRADE
1406,QLD1,2014/01/30 07:30:00,6059.46,53.56,TRADE
1407,QLD1,2014/01/30 08:00:00,6143.66,53.43,TRADE
1408,QLD1,2014/01/30 08:30:00,6173.49,51.79,TRADE
1409,QLD1,2014/01/30 09:00:00,6183.2,52.67,TRADE
1410,QLD1,2014/01/30 09:30:00,6230.95,52.37,TRADE
1411,QLD1,2014/01/30 10:00:00,6207.49,51.7,TRADE
1412,QLD1,2014/01/30 10:30:00,6151.45,51.57,TRADE
1413,QLD1,2014/01/30 11:00:00,6160.22,52.41,TRADE
1414,QLD1,2014/01/30 11:30:00,6159.03,52.71,TRADE
1415,QLD1,2014/01/30 12:00:00,6183.13,53.29,TRADE
1416,QLD1,2014/01/30 12:30:00,6227.06,55.09,TRADE
1417,QLD1,2014/01/30 13:00:00,6253.35,53.67,TRADE
1418,QLD1,2014/01/30 13:30:00,6275.52,54.81,TRADE
1419,QLD1,2014/01/30 14:00:00,6315.63,54.59,TRADE
1420,QLD1,2014/01/30 14:30:00,6291.49,53.14,TRADE
1421,QLD1,2014/01/30 15:00:00,6271.01,53.24,TRADE
1422,QLD1,2014/01/30 15:30:00,6257.06,53.45,TRADE
1423,QLD1,2014/01/30 16:00:00,6246.23,56.41,TRADE
1424,QLD1,2014/01/30 16:30:00,6311.91,58.82,TRADE
1425,QLD1,2014/01/30 17:00:00,6390.48,57.37,TRADE
1426,QLD1,2014/01/30 17:30:00,6369.88,52.83,TRADE
1427,QLD1,2014/01/30 18:00:00,6391.72,52.85,TRADE
1428,QLD1,2014/01/30 18:30:00,6352.17,51.65,TRADE
1429,QLD1,2014/01/30 19:00:00,6383.08,52.37,TRADE
1430,QLD1,2014/01/30 19:30:00,6393.34,52.27,TRADE
1431,QLD1,2014/01/30 20:00:00,6332.1,51.54,TRADE
1432,QLD1,2014/01/30 20:30:00,6269.34,49.48,TRADE
1433,QLD1,2014/01/30 21:00:00,6123.03,49.11,TRADE
1434,QLD1,2014/01/30 21:30:00,6073.46,48.36,TRADE
1435,QLD1,2014/01/30 22:00:00,5825.29,46.27,TRADE
1436,QLD1,2014/01/30 22:30:00,5585.51,46.27,TRADE
1437,QLD1,2014/01/30 23:00:00,5468.91,48.08,TRADE
1438,QLD1,2014/01/30 23:30:00,5403.48,46.41,TRADE
1439,QLD1,2014/01/31 00:00:00,5211.08,45.37,TRADE
1440,QLD1,2014/01/31 00:30:00,5024.98,42.17,TRADE
1441,QLD1,2014/01/31 01:00:00,4798.12,31.32,TRADE
1442,QLD1,2014/01/31 01:30:00,4594.11,32.97,TRADE
1443,QLD1,2014/01/31 02:00:00,4515.02,36.01,TRADE
1444,QLD1,2014/01/31 02:30:00,4458.42,36.22,TRADE
1445,QLD1,2014/01/31 03:00:00,4459.31,36.22,TRADE
1446,QLD1,2014/01/31 03:30:00,4476.57,36.31,TRADE
1447,QLD1,2014/01/31 04:00:00,4476.63,36.79,TRADE
1448,QLD1,2014/01/31 04:30:00,4526.43,40.9,TRADE
1449,QLD1,2014/01/31 05:00:00,4600.49,37.94,TRADE
1450,QLD1,2014/01/31 05:30:00,4762.84,45.55,TRADE
1451,QLD1,2014/01/31 06:00:00,4926.31,45.7,TRADE
1452,QLD1,2014/01/31 06:30:00,5279.67,43.96,TRADE
1453,QLD1,2014/01/31 07:00:00,5663.71,49.38,TRADE
1454,QLD1,2014/01/31 07:30:00,6002.7,50.9,TRADE
1455,QLD1,2014/01/31 08:00:00,6103.46,51.63,TRADE
1456,QLD1,2014/01/31 08:30:00,6133.01,51.63,TRADE
1457,QLD1,2014/01/31 09:00:00,6121.09,52.19,TRADE
1458,QLD1,2014/01/31 09:30:00,6187.35,52.2,TRADE
1459,QLD1,2014/01/31 10:00:00,6192.4,50.91,TRADE
1460,QLD1,2014/01/31 10:30:00,6180.54,50.26,TRADE
1461,QLD1,2014/01/31 11:00:00,6148.6,49.93,TRADE
1462,QLD1,2014/01/31 11:30:00,6137.13,51.65,TRADE
1463,QLD1,2014/01/31 12:00:00,6185.15,52.12,TRADE
1464,QLD1,2014/01/31 12:30:00,6182.79,53.23,TRADE
1465,QLD1,2014/01/31 13:00:00,6154.66,51.81,TRADE
1466,QLD1,2014/01/31 13:30:00,6146.28,51.61,TRADE
1467,QLD1,2014/01/31 14:00:00,6130.57,55.78,TRADE
1468,QLD1,2014/01/31 14:30:00,6184.15,55.21,TRADE
1469,QLD1,2014/01/31 15:00:00,6191.08,56.38,TRADE
1470,QLD1,2014/01/31 15:30:00,6155.57,59.63,TRADE
1471,QLD1,2014/01/31 16:00:00,6193.4,60.04,TRADE
1472,QLD1,2014/01/31 16:30:00,6252.73,59.45,TRADE
1473,QLD1,2014/01/31 17:00:00,6289.47,54.47,TRADE
1474,QLD1,2014/01/31 17:30:00,6305.83,52.83,TRADE
1475,QLD1,2014/01/31 18:00:00,6260.02,52.12,TRADE
1476,QLD1,2014/01/31 18:30:00,6152.48,49.67,TRADE
1477,QLD1,2014/01/31 19:00:00,6201.9,50.48,TRADE
1478,QLD1,2014/01/31 19:30:00,6185.7,51.88,TRADE
1479,QLD1,2014/01/31 20:00:00,6143.15,50.86,TRADE
1480,QLD1,2014/01/31 20:30:00,6064.63,50.4,TRADE
1481,QLD1,2014/01/31 21:00:00,5988.43,50.09,TRADE
1482,QLD1,2014/01/31 21:30:00,6006.49,51.8,TRADE
1483,QLD1,2014/01/31 22:00:00,5884.52,49.38,TRADE
1484,QLD1,2014/01/31 22:30:00,5688.36,48.92,TRADE
1485,QLD1,2014/01/31 23:00:00,5599.48,48.63,TRADE
1486,QLD1,2014/01/31 23:30:00,5532.96,48.53,TRADE
1487,QLD1,2014/02/01 00:00:00,5320.56,47.37,TRADE
